{"type":"REPORT","id":"f8200e54-6c1d-4a39-b784-f49bb5ec62b2","sections":[{"id":"section0","title":"Introduction to Optimistic Concurrency Control","tldr":"Optimistic Concurrency Control (OCC) is a non-locking concurrency control mechanism that allows transactions to proceed without blocking by assuming conflicts will be rare. It tracks read/write sets and only validates transactions at commit time, offering advantages of being deadlock-free but potentially suffering from late conflict detection. (3 sources)","text":"\nOptimistic Concurrency Control (OCC) represents a distinct approach to managing concurrent transactions in database systems that differs from traditional locking mechanisms. First introduced by Kung et al. in 1979, OCC operates on the \"optimistic\" assumption that conflicts between transactions are infrequent, thus allowing transactions to execute without blocking one another. <Paper corpusId=\"61600099\" paperTitle=\"(Kung et al., 1979)\" isShortName></Paper> Instead of acquiring locks, OCC tracks the read and write sets of each transaction and maintains all modifications in a private workspace until commit time. <Paper corpusId=\"1715871\" paperTitle=\"(Yu et al., 2014)\" isShortName></Paper>\n\nThe OCC protocol typically involves three phases: read, validation, and write. During the read phase, transactions operate on database objects without restrictions. When a transaction reaches its commit point, the system performs validation to determine if that transaction's read set overlaps with the write set of any concurrent transactions. Only if validation succeeds does the transaction enter the write phase, where changes from its private workspace are applied to the shared database; otherwise, the transaction is aborted and restarted. <Paper corpusId=\"1715871\" paperTitle=\"(Yu et al., 2014)\" isShortName></Paper>\n\nOCC offers several advantages that make it particularly attractive for certain database applications. It is inherently non-blocking and deadlock-free, properties that are especially beneficial for real-time database systems (RTDBS). <Paper corpusId=\"250282\" paperTitle=\"(Han et al., 2005)\" isShortName></Paper> Additionally, since conflict resolution is delayed until transactions near completion, more information is available to make optimal decisions when conflicts do occur. <Paper corpusId=\"250282\" paperTitle=\"(Han et al., 2005)\" isShortName></Paper>\n\nHowever, OCC's delayed conflict detection can also be problematic. When conflicts are discovered late in a transaction's lifecycle, the system incurs significant overhead as near-to-complete transactions must be aborted and restarted. <Paper corpusId=\"250282\" paperTitle=\"(Han et al., 2005)\" isShortName></Paper> This characteristic becomes particularly relevant when considering OCC's performance in high-contention environments, which will be explored in subsequent sections.","citations":[{"id":"(Kung et al., 1979)","corpusId":61600099,"snippets":["Most current approaches to concurrency control in database systems rely on locking of data objects as a control mechanism. In this paper, two families of nonlocking concurrency controls are presented. The methods used are \"optimistic\" in the sense that they rely mainly on transaction backup as a control mechanism, \"hoping\" that conflicts between transactions will not occur. Applications for which these methods should be more efficient than locking are discussed."],"paper":{"corpusId":61600099,"title":"On optimistic methods for concurrency control","year":1979,"venue":"TODS","authors":[{"name":"H. T. Kung","authorId":"144153718"},{"name":"J. T. Robinson","authorId":"49447164"}],"nCitations":1610},"snippetMetadata":[{"quote":"Most current approaches to concurrency control in database systems rely on locking of data objects as a control mechanism. In this paper, two families of nonlocking concurrency controls are presented. The methods used are \"optimistic\" in the sense that they rely mainly on transaction backup as a control mechanism, \"hoping\" that conflicts between transactions will not occur. Applications for which these methods should be more efficient than locking are discussed.","pdfHash":"","sectionTitle":"abstract","isBody":false,"sentenceOffsets":[],"refMentions":[]}]},{"id":"(Yu et al., 2014)","corpusId":1715871,"snippets":["Optimistic Concurrency Control (OCC): The DBMS tracks the read/write sets of each transaction and stores all of their write operations in their private workspace (Kung et al., 1979). When a transaction commits, the system determines whether that transaction's read set overlaps with the write set of any concurrent transactions. If no overlap exists, then the DBMS applies the changes from the transaction's workspace into the database; otherwise, the transaction is aborted and restarted. The advantage of this approach for main memory DBMSs is that transactions write their updates to shared memory only at commit time, and thus the contention period is short (Tu et al., 2013)."],"paper":{"corpusId":1715871,"title":"Staring into the Abyss: An Evaluation of Concurrency Control with One Thousand Cores","year":2014,"venue":"Proceedings of the VLDB Endowment","authors":[{"name":"Xiangyao Yu","authorId":"3046907"},{"name":"George B. P. Bezerra","authorId":"31761427"},{"name":"Andrew Pavlo","authorId":"1774210"},{"name":"S. Devadas","authorId":"1695217"},{"name":"M. Stonebraker","authorId":"145345023"}],"nCitations":270},"snippetMetadata":[{"quote":"Optimistic Concurrency Control (OCC): The DBMS tracks the read/write sets of each transaction and stores all of their write operations in their private workspace (Kung et al., 1979). When a transaction commits, the system determines whether that transaction's read set overlaps with the write set of any concurrent transactions. If no overlap exists, then the DBMS applies the changes from the transaction's workspace into the database; otherwise, the transaction is aborted and restarted. The advantage of this approach for main memory DBMSs is that transactions write their updates to shared memory only at commit time, and thus the contention period is short (Tu et al., 2013).","pdfHash":"f1b6b59a6d955257abcacd6770b883021896a4d4","sectionTitle":"Timestamp Ordering","isBody":true,"sentenceOffsets":[{"start":288,"end":455,"boundingBoxes":[{"h":7.8,"w":239.1,"top":231.8,"left":53.8,"page":3},{"h":7.8,"w":159.5,"top":242.3,"left":53.8,"page":3},{"h":8.1,"w":230.1,"top":221,"left":62.8,"page":3}]},{"start":456,"end":601,"boundingBoxes":[{"h":7.8,"w":239.1,"top":252.7,"left":53.8,"page":3},{"h":7.8,"w":215.1,"top":263.2,"left":53.8,"page":3},{"h":7.8,"w":72.3,"top":242.3,"left":220.6,"page":3}]},{"start":602,"end":762,"boundingBoxes":[{"h":7.8,"w":239.1,"top":273.7,"left":53.8,"page":3},{"h":7.8,"w":239.1,"top":284.1,"left":53.8,"page":3},{"h":7.8,"w":79.9,"top":294.6,"left":53.8,"page":3},{"h":7.8,"w":18.2,"top":263.2,"left":274.7,"page":3}]},{"start":763,"end":940,"boundingBoxes":[{"h":7.8,"w":239.1,"top":305,"left":53.8,"page":3},{"h":7.8,"w":239.1,"top":315.5,"left":53.8,"page":3},{"h":7.8,"w":37.5,"top":326,"left":53.8,"page":3},{"h":7.8,"w":152.7,"top":294.6,"left":140.2,"page":3}]}],"refMentions":[61600099,10076139]}]},{"id":"(Han et al., 2005)","corpusId":250282,"snippets":["Optimistic concurrency control protocols have the nice properties of being non-blocking and deadlockfree. These properties make them especially attractive for RTDBS. As conflict resolution between transactions is delayed until transactions are close to completion, there will be more information available for making the choice in resolving the conflict. However, the problem with optimistic concurrency control protocols is the late conflict detection, which leads to huge overhead because some near-to-complete transactions have to be restarted."],"paper":{"corpusId":250282,"title":"Real-time Optimistic Concurrency Control based on Transaction Finish Degree","year":2005,"venue":"","authors":[{"name":"Qilong Han","authorId":"2067612154"},{"name":"Zhongxiao Hao","authorId":"2259060067"}],"nCitations":20},"snippetMetadata":[{"quote":"Optimistic concurrency control protocols have the nice properties of being non-blocking and deadlockfree. These properties make them especially attractive for RTDBS. As conflict resolution between transactions is delayed until transactions are close to completion, there will be more information available for making the choice in resolving the conflict. However, the problem with optimistic concurrency control protocols is the late conflict detection, which leads to huge overhead because some near-to-complete transactions have to be restarted.","pdfHash":"d1fcd3270459cc34327746e84537e210411432d9","sectionTitle":"INTRODUCTION","isBody":true,"sentenceOffsets":[{"start":655,"end":760,"boundingBoxes":[{"h":8.7,"w":225,"top":544.6,"left":72,"page":1},{"h":8.7,"w":18.1,"top":555.9,"left":72,"page":1},{"h":8.7,"w":207,"top":533.2,"left":90,"page":1}]},{"start":761,"end":820,"boundingBoxes":[{"h":8.7,"w":49,"top":567.3,"left":72,"page":1},{"h":8.7,"w":202.9,"top":555.9,"left":94.1,"page":1}]},{"start":821,"end":1009,"boundingBoxes":[{"h":8.7,"w":225,"top":578.6,"left":72,"page":1},{"h":8.7,"w":225.1,"top":589.9,"left":72,"page":1},{"h":8.7,"w":130,"top":601.3,"left":72,"page":1},{"h":8.7,"w":173.6,"top":567.3,"left":123.5,"page":1}]},{"start":1010,"end":1202,"boundingBoxes":[{"h":8.7,"w":225,"top":612.6,"left":72,"page":1},{"h":8.7,"w":225,"top":624,"left":72,"page":1},{"h":8.7,"w":225,"top":635.3,"left":72,"page":1},{"h":8.7,"w":37.1,"top":646.6,"left":72,"page":1},{"h":8.7,"w":91.8,"top":601.3,"left":205.4,"page":1}]}],"refMentions":[]}]}],"format":"synthesis"},{"id":"section1","title":"OCC in In-Memory Databases","tldr":"Optimistic concurrency control has become particularly relevant for in-memory databases, which can support much higher transaction rates than disk-based systems. Systems like Silo demonstrate how OCC is specifically adapted for in-memory environments to avoid centralized contention points and achieve high throughput. (5 sources)","text":"\nThe shift from disk-based to in-memory database systems has prompted renewed interest in optimistic concurrency control mechanisms. With the advent of cost-effective main memory storage capable of supporting significantly higher transaction rates, there is substantial motivation to re-examine how concurrency control mechanisms perform in these new environments <Paper corpusId=\"17411020\" paperTitle=\"(Kaspi et al., 2014)\" isShortName></Paper>. In-memory databases have increasingly adopted OCC to handle their unique performance characteristics and transaction processing requirements.\n\nA prime example of OCC implementation in in-memory databases is Silo, which specifically leverages optimistic concurrency control to mitigate the performance impact of locks. Silo's approach avoids locking during transaction computation and defers all writes to shared memory until commit time. This strategy minimizes contention by keeping the lock acquisition period brief and localized to the end of a transaction <Paper corpusId=\"240669549\" paperTitle=\"(McGee et al., 2019)\" isShortName></Paper>. Such design is particularly effective in scenarios where concurrent writes to shared memory are relatively uncommon, with Silo reportedly achieving 700,000 transactions per second on a 32-core machine <Paper corpusId=\"240669549\" paperTitle=\"(McGee et al., 2019)\" isShortName></Paper>.\n\nSilo's architecture has been recognized for its innovative approach to handling multi-core processing in in-memory environments. It specifically addresses centralized contention points that can bottleneck performance in high-throughput systems. By providing a commit protocol that ensures serializability while eliminating shared-memory writes, Silo demonstrates how OCC can be adapted to the specific demands of in-memory database systems <Paper corpusId=\"71145363\" paperTitle=\"(Sheng et al., 2019)\" isShortName></Paper> <Paper corpusId=\"272366530\" paperTitle=\"(Zhang et al., 2024)\" isShortName></Paper>.\n\nThis adaptation of OCC for in-memory environments has become a pattern, with multiple modern in-memory database systems employing optimistic concurrency control to handle their transaction processing needs <Paper corpusId=\"250334456\" paperTitle=\"(Wongkham et al., 2022)\" isShortName></Paper>. The combination of in-memory architecture with OCC's non-blocking approach creates systems that can potentially deliver significantly higher throughput than traditional disk-based databases with pessimistic concurrency control.","citations":[{"id":"(Kaspi et al., 2014)","corpusId":17411020,"snippets":["—Concurrency control (CC) in distributed and multidimensional databases is becoming more important due to recent increase in high-volume data storage with increasing online transaction processing (OLTP) requirements for medium and large organisations. This paper examines three concurrency control mechanisms commonly adopted and analyses their performance in distributed databases for OLTP operational systems of enterprises. The three CC mechanisms investigated are, two phase locking (2PL), wait depth limited (WDL) and optimistic concurrency control. These CC mechanisms have been studied well in disk-based systems. However, with the recent advances of cost-effective main memory or in-memory storage that can support much higher transaction rates than disk-based systems, there is sufficient motivation to re-investigate the performance of such CC mechanisms in diverse processor configurations."],"paper":{"corpusId":17411020,"title":"Performance Analysis of Concurrency Control Mechanisms for OLTP Databases","year":2014,"venue":"","authors":[{"name":"S. Kaspi","authorId":"67238292"},{"name":"S. Venkatraman","authorId":"145710905"}],"nCitations":7},"snippetMetadata":[{"quote":"—Concurrency control (CC) in distributed and multidimensional databases is becoming more important due to recent increase in high-volume data storage with increasing online transaction processing (OLTP) requirements for medium and large organisations. This paper examines three concurrency control mechanisms commonly adopted and analyses their performance in distributed databases for OLTP operational systems of enterprises. The three CC mechanisms investigated are, two phase locking (2PL), wait depth limited (WDL) and optimistic concurrency control. These CC mechanisms have been studied well in disk-based systems. However, with the recent advances of cost-effective main memory or in-memory storage that can support much higher transaction rates than disk-based systems, there is sufficient motivation to re-investigate the performance of such CC mechanisms in diverse processor configurations.","pdfHash":"","sectionTitle":"abstract","isBody":false,"sentenceOffsets":[],"refMentions":[]}]},{"id":"(McGee et al., 2019)","corpusId":240669549,"snippets":["Silo is an in-memory database that uses optimistic concurrency control (OCC) to try and limit the effects of locks on their system. Silo avoids locking during the computation of a transaction and waits until commit time to execute all writes to shared memory. This avoids the contention involved in acquiring a lock until a short period of time at the end of transaction. This style of system can be particularly effective if concurrent writes to shared memory are uncommon. Silo claims to achieve 700,000 transaction per second on a 32 core machine."],"paper":{"corpusId":240669549,"title":"OpenMemDB: A Wait-Free, In-Memory Database","year":2019,"venue":"","authors":[{"name":"Mick McGee","authorId":"2070206775"},{"name":"R. Medina","authorId":"144360496"},{"name":"Neil C. A. Moore","authorId":"1732344"},{"name":"Jason Stavrinaky","authorId":"2137887627"}],"nCitations":0},"snippetMetadata":[{"quote":"Silo is an in-memory database that uses optimistic concurrency control (OCC) to try and limit the effects of locks on their system. Silo avoids locking during the computation of a transaction and waits until commit time to execute all writes to shared memory. This avoids the contention involved in acquiring a lock until a short period of time at the end of transaction. This style of system can be particularly effective if concurrent writes to shared memory are uncommon. Silo claims to achieve 700,000 transaction per second on a 32 core machine.","pdfHash":"834d71f3b52e9ef9e56a4e6b034c9e3459870820","sectionTitle":"Related Work","isBody":true,"sentenceOffsets":[{"start":1359,"end":1490,"boundingBoxes":[{"h":8.7,"w":243,"top":342.9,"left":54,"page":2},{"h":8.7,"w":243,"top":354,"left":54,"page":2},{"h":8.7,"w":51,"top":365.2,"left":54,"page":2}]},{"start":1491,"end":1618,"boundingBoxes":[{"h":8.7,"w":243,"top":376.5,"left":54,"page":2},{"h":8.7,"w":77.6,"top":387.6,"left":54,"page":2},{"h":8.7,"w":189.6,"top":365.2,"left":107.4,"page":2}]},{"start":1619,"end":1730,"boundingBoxes":[{"h":8.7,"w":243,"top":398.9,"left":54,"page":2},{"h":8.7,"w":46.4,"top":410,"left":54,"page":2},{"h":8.7,"w":161.2,"top":387.6,"left":135.8,"page":2}]},{"start":1731,"end":1833,"boundingBoxes":[{"h":8.7,"w":223.6,"top":421.2,"left":54,"page":2},{"h":8.7,"w":194.1,"top":410,"left":102.9,"page":2}]},{"start":1834,"end":1909,"boundingBoxes":[{"h":8.7,"w":243,"top":432.5,"left":54,"page":2},{"h":8.7,"w":57,"top":443.6,"left":54,"page":2},{"h":8.7,"w":16.1,"top":421.2,"left":280.9,"page":2}]}],"refMentions":[]}]},{"id":"(Sheng et al., 2019)","corpusId":71145363,"snippets":["In Silo (Tu et al., 2013), an optimistic in-memory multi-core DBMS is proposed to avoid centralized contention points. It provides a commit protocol with serializability and eliminates all shared-memory writes."],"paper":{"corpusId":71145363,"title":"Scheduling OLTP Transactions via Machine Learning","year":2019,"venue":"arXiv.org","authors":[{"name":"Yangjun Sheng","authorId":"51494563"},{"name":"A. Tomasic","authorId":"1693125"},{"name":"Tieying Sheng","authorId":"79486228"},{"name":"Andrew Pavlo","authorId":"1774210"}],"nCitations":10},"snippetMetadata":[{"quote":"In Silo (Tu et al., 2013), an optimistic in-memory multi-core DBMS is proposed to avoid centralized contention points. It provides a commit protocol with serializability and eliminates all shared-memory writes.","pdfHash":"183915110a8de5343091ad953e312307cac6b104","sectionTitle":"Cheung et al. propose a technique of automatic code partitioning using program analysis","isBody":true,"sentenceOffsets":[{"start":232,"end":337,"boundingBoxes":[{"h":8.8,"w":72,"top":262.9,"left":73.4,"page":23},{"h":8.8,"w":343.9,"top":247.9,"left":158,"page":23}]},{"start":338,"end":429,"boundingBoxes":[{"h":8.8,"w":356.1,"top":262.9,"left":147.3,"page":23}]}],"refMentions":[10076139]}]},{"id":"(Zhang et al., 2024)","corpusId":272366530,"snippets":["In Silo (Tu et al., 2013), an optimistic in-memory multi-core DBMS is proposed to avoids centralized contention points. It provides a commit protocol with serializability and eliminates all shared-memory writes."],"paper":{"corpusId":272366530,"title":"Intelligent Transaction Scheduling via Conflict Prediction in OLTP DBMS","year":2024,"venue":"arXiv.org","authors":[{"name":"Tieying Zhang","authorId":"2269021798"},{"name":"Anthony Tomasic","authorId":"2257155193"},{"name":"Andrew Pavlo","authorId":"2319405866"}],"nCitations":0},"snippetMetadata":[{"quote":"In Silo (Tu et al., 2013), an optimistic in-memory multi-core DBMS is proposed to avoids centralized contention points. It provides a commit protocol with serializability and eliminates all shared-memory writes.","pdfHash":"ecaf68bd1e114b3bfb179badd6ed65a686f5d82d","sectionTitle":"Cheung et al. propose a technique of automatic code partitioning using program analysis","isBody":true,"sentenceOffsets":[{"start":232,"end":338,"boundingBoxes":[{"h":7.8,"w":239.1,"top":603.3,"left":53.8,"page":11},{"h":7.8,"w":24.3,"top":613.8,"left":53.8,"page":11},{"h":7.8,"w":133.9,"top":592.9,"left":159.3,"page":11}]},{"start":339,"end":430,"boundingBoxes":[{"h":7.8,"w":121.5,"top":624.2,"left":53.8,"page":11},{"h":7.8,"w":213.5,"top":613.8,"left":80.9,"page":11}]}],"refMentions":[10076139]}]},{"id":"(Wongkham et al., 2022)","corpusId":250334456,"snippets":["To cope with the in-memory environment, both of them use optimistic concurrency control (OCC) [40]."],"paper":{"corpusId":250334456,"title":"Are Updatable Learned Indexes Ready?","year":2022,"venue":"Proceedings of the VLDB Endowment","authors":[{"name":"Chaichon Wongkham","authorId":"2175250165"},{"name":"Baotong Lu","authorId":"1672469312"},{"name":"Chris Liu","authorId":"2768964"},{"name":"Zhicong Zhong","authorId":"36838433"},{"name":"Eric Lo","authorId":"145373095"},{"name":"Tianzheng Wang","authorId":"48469973"}],"nCitations":36},"snippetMetadata":[{"quote":"To cope with the in-memory environment, both of them use optimistic concurrency control (OCC) [40].","pdfHash":"","sectionTitle":"","isBody":true,"sentenceOffsets":[],"refMentions":[]}]}],"format":"synthesis"},{"id":"section2","title":"Performance Under High Contention","tldr":"OCC performs poorly in high-contention scenarios due to excessive transaction aborts that waste computational resources. Performance degradation becomes particularly severe as contention increases, with empirical evidence showing OCC being outperformed by locking-based approaches in these scenarios. (7 sources)","text":"\nWhile optimistic concurrency control demonstrates excellent performance in low-contention environments, its performance deteriorates significantly under high contention conditions. This performance decline is primarily attributed to the fundamental OCC validation process, which requires transactions to abort when conflicts are detected during the validation phase. As contention increases, the rate of transaction aborts rises dramatically, leading to wasted computational resources and reduced overall throughput <Paper corpusId=\"18277267\" paperTitle=\"(Xiong et al., 2016)\" isShortName></Paper> <Paper corpusId=\"235125586\" paperTitle=\"(Wang et al., 2021)\" isShortName></Paper>.\n\nThe abort-and-restart approach that characterizes OCC becomes a critical performance bottleneck in high-contention scenarios or with long-running transactions. More problematically, this creates a negative feedback loop: restarted transactions increase system load, which in turn may lead to even more conflicts and aborts <Paper corpusId=\"10741920\" paperTitle=\"(Dashti et al., 2016)\" isShortName></Paper>. This self-reinforcing cycle can severely degrade system performance as contention intensifies.\n\nEmpirical evidence confirms this behavior, with comparative studies demonstrating that while OCC outperforms two-phase locking (2PL) under low contention, the opposite becomes true as contention increases. In one study using the TPC-C benchmark, OCC showed the highest throughput with lower contention (more warehouses) but was outperformed by alternative approaches when contention increased (fewer warehouses) <Paper corpusId=\"235125586\" paperTitle=\"(Wang et al., 2021)\" isShortName></Paper>.\n\nThe performance issues in high-contention environments become particularly acute in in-memory databases. These systems typically perform writes on thread-local copies and make changes visible only upon successful validation. When workloads experience high contention, validation failures frequently occur due to non-semantic memory access conflicts, resulting in excessive transaction aborts <Paper corpusId=\"225079955\" paperTitle=\"(Peterson et al., 2020)\" isShortName></Paper>. This leads to wasted CPU cycles on transactions that are ultimately destined to abort <Paper corpusId=\"3082728\" paperTitle=\"(Yao et al., 2017)\" isShortName></Paper>.\n\nAnother significant factor contributing to performance degradation is the prevalence of false aborts. OCC's simple criterion for aborting transactions—checking if the read set has changed during execution—creates many false positives. Experimental evidence indicates that these false aborts can significantly reduce system throughput by as much as 3.68x when data contention is intensive <Paper corpusId=\"800422\" paperTitle=\"(Yuan et al., 2016)\" isShortName></Paper>. The combination of true conflicts and false aborts makes OCC particularly vulnerable to performance degradation in high-contention scenarios for in-memory database systems <Paper corpusId=\"53290654\" paperTitle=\"(Huang et al., 2018)\" isShortName></Paper>.","citations":[{"id":"(Xiong et al., 2016)","corpusId":18277267,"snippets":["Optimistic concurrency controls (OCCs) have attracted a lot of attention in distributed and realtime databases (Carey et al., 1988)(Ceri et al., 1982)(Hder, 2003)(Haritsa et al., 1990)(Lam et al., 1996)(Mullender et al., 1985) due to its simplicity and dead-lock free nature. Transactions are allowed to proceed without hindrance until at the end -the verification phase. However, as the resource and data contention intensifies, the number of restarts can increase dramatically, and OCCs may perform much worse than 2PL (Agrawal et al., 1987)."],"paper":{"corpusId":18277267,"title":"A Prudent-Precedence Concurrency Control Protocol for High Data Contention Database Enviornments","year":2016,"venue":"arXiv.org","authors":[{"name":"Weidong Xiong","authorId":"2055448837"},{"name":"Feng Yu","authorId":"35005063"},{"name":"Mohammed Hamdi","authorId":"144947841"},{"name":"W. Hou","authorId":"1712441"}],"nCitations":2},"snippetMetadata":[{"quote":"Optimistic concurrency controls (OCCs) have attracted a lot of attention in distributed and realtime databases (Carey et al., 1988)(Ceri et al., 1982)(Hder, 2003)(Haritsa et al., 1990)(Lam et al., 1996)(Mullender et al., 1985) due to its simplicity and dead-lock free nature. Transactions are allowed to proceed without hindrance until at the end -the verification phase. However, as the resource and data contention intensifies, the number of restarts can increase dramatically, and OCCs may perform much worse than 2PL (Agrawal et al., 1987).","pdfHash":"c110c60d9d412b21a3159f8056052be0649853b6","sectionTitle":"INTRODUCTION","isBody":true,"sentenceOffsets":[{"start":475,"end":650,"boundingBoxes":[{"h":9.4,"w":406,"top":514.6,"left":106.3,"page":1},{"h":9.4,"w":335.1,"top":526.5,"left":106.3,"page":1}]},{"start":651,"end":746,"boundingBoxes":[{"h":9.4,"w":333.3,"top":538.5,"left":106.3,"page":1},{"h":9.4,"w":68.3,"top":526.5,"left":444.2,"page":1}]},{"start":747,"end":900,"boundingBoxes":[{"h":9.4,"w":406,"top":550.4,"left":106.3,"page":1},{"h":9.4,"w":195.8,"top":562.1,"left":106.3,"page":1},{"h":9.4,"w":69,"top":538.5,"left":443.4,"page":1}]}],"refMentions":[9117343,27334677,7710744,5509356,60784164,10617767,7656155]}]},{"id":"(Wang et al., 2021)","corpusId":235125586,"snippets":["Optimistic concurrency control (OCC) is better than two-phase-locking (2PL) under low contention, while the converse is true under high contention","Figure 1 shows the throughput of 2PL, OCC and IC3 [60] on a multi-core database under the TPC-C workload with a varying number of warehouses. OCC has the highest throughput under low contention (more warehouses) while the other two outperform OCC under high contention (fewer warehouses). Similar results have also been reported by others [67]."],"paper":{"corpusId":235125586,"title":"Polyjuice: High-Performance Transactions via Learned Concurrency Control","year":2021,"venue":"USENIX Symposium on Operating Systems Design and Implementation","authors":[{"name":"Jia-Chen Wang","authorId":"2110175450"},{"name":"Ding Ding","authorId":"2056669605"},{"name":"Huan Wang","authorId":"2197900626"},{"name":"Conrad Christensen","authorId":"2103385608"},{"name":"Zhaoguo Wang","authorId":"8491577"},{"name":"Haibo Chen","authorId":"2118438836"},{"name":"Jinyang Li","authorId":"46276184"}],"nCitations":25},"snippetMetadata":[{"quote":"Optimistic concurrency control (OCC) is better than two-phase-locking (2PL) under low contention, while the converse is true under high contention","pdfHash":"9de91eef69d06fa3cac9ab16af52b11354ff06b2","sectionTitle":"abstract","isBody":false,"sentenceOffsets":[],"refMentions":[]},{"quote":"Figure 1 shows the throughput of 2PL, OCC and IC3 [60] on a multi-core database under the TPC-C workload with a varying number of warehouses. OCC has the highest throughput under low contention (more warehouses) while the other two outperform OCC under high contention (fewer warehouses). Similar results have also been reported by others [67].","pdfHash":"","sectionTitle":"","isBody":true,"sentenceOffsets":[],"refMentions":[]}]},{"id":"(Dashti et al., 2016)","corpusId":10741920,"snippets":["Please click on the paper title to read the abstract on Semantic Scholar."],"paper":{"corpusId":10741920,"title":"Repairing Conflicts among MVCC Transactions","year":2016,"venue":"arXiv.org","authors":[{"name":"Mohammad Dashti","authorId":"143772942"},{"name":"Sachin Basil John","authorId":"23412010"},{"name":"A. Shaikhha","authorId":"2366196"},{"name":"Christoph E. Koch","authorId":"145624228"}],"nCitations":4},"snippetMetadata":[]},{"id":"(Peterson et al., 2020)","corpusId":225079955,"snippets":["Please click on the paper title to read the abstract on Semantic Scholar."],"paper":{"corpusId":225079955,"title":"Optimized Transactional Data Structure Approach to Concurrency Control for In-Memory Databases","year":2020,"venue":"Symposium on Computer Architecture and High Performance Computing","authors":[{"name":"Christina L. Peterson","authorId":"48634606"},{"name":"Amalee Wilson","authorId":"48678816"},{"name":"P. Pirkelbauer","authorId":"1707965"},{"name":"D. Dechev","authorId":"1778664"}],"nCitations":1},"snippetMetadata":[]},{"id":"(Yao et al., 2017)","corpusId":3082728,"snippets":["While OCC exhibits great success with lowcontended workloads, it performs poorly under high contention due to excessive transaction aborts [10]. OCC usually aborts conflicting transactions before the commit time and results in wasting precious CPU cycles spent on these transactions that are destined to abort (Agrawal et al., 1987)."],"paper":{"corpusId":3082728,"title":"Scaling distributed transaction processing and recovery based on dependency logging","year":2017,"venue":"The VLDB journal","authors":[{"name":"Chang Yao","authorId":"2093200879"},{"name":"Meihui Zhang","authorId":"1793178"},{"name":"Qian Lin","authorId":"1509526758"},{"name":"B. Ooi","authorId":"1693070"},{"name":"Jiatao Xu","authorId":"2110505706"}],"nCitations":6},"snippetMetadata":[{"quote":"While OCC exhibits great success with lowcontended workloads, it performs poorly under high contention due to excessive transaction aborts [10]. OCC usually aborts conflicting transactions before the commit time and results in wasting precious CPU cycles spent on these transactions that are destined to abort (Agrawal et al., 1987).","pdfHash":"cf76bde52ff782b25d1b072ecb1d59a08d60ab03","sectionTitle":"BACKGROUND","isBody":true,"sentenceOffsets":[],"refMentions":[7656155]}]},{"id":"(Yuan et al., 2016)","corpusId":800422,"snippets":["Please click on the paper title to read the abstract on Semantic Scholar."],"paper":{"corpusId":800422,"title":"BCC: Reducing False Aborts in Optimistic Concurrency Control with Low Cost for In-Memory Databases","year":2016,"venue":"Proceedings of the VLDB Endowment","authors":[{"name":"Yuan Yuan","authorId":"1387914337"},{"name":"Kaibo Wang","authorId":"2288426251"},{"name":"Rubao Lee","authorId":"1747102"},{"name":"Xiaoning Ding","authorId":"34645435"},{"name":"Jing Xing","authorId":"2067803203"},{"name":"Spyros Blanas","authorId":"3264757"},{"name":"Xiaodong Zhang","authorId":"10375334"}],"nCitations":55},"snippetMetadata":[]},{"id":"(Huang et al., 2018)","corpusId":53290654,"snippets":["Please click on the paper title to read the abstract on Semantic Scholar."],"paper":{"corpusId":53290654,"title":"The Impact of Timestamp Granularity in Optimistic Concurrency Control","year":2018,"venue":"arXiv.org","authors":[{"name":"Yihe Huang","authorId":"49866802"},{"name":"Hao Bai","authorId":"2067572191"},{"name":"E. Kohler","authorId":"1686748"},{"name":"B. Liskov","authorId":"1720373"},{"name":"L. Shrira","authorId":"1679411"}],"nCitations":1},"snippetMetadata":[]}],"format":"synthesis"},{"id":"section3","title":"Causes of Performance Issues","tldr":"OCC's performance issues in high-contention environments stem from fundamental architectural limitations that create negative feedback loops of increasing contention. Key causes include excessive transaction aborts, validation overhead, resource contention from maintaining temporary copies, and inefficient parallelism schemes that amplify conflicts. (9 sources)","text":"\nThe performance degradation of optimistic concurrency control (OCC) in high-contention scenarios can be attributed to several interconnected factors. A primary cause is the \"abort and restart\" mechanism that characterizes OCC systems. When transactions fail validation, they must typically restart from scratch, creating a negative feedback loop where restarted transactions increase system load and potentially generate even more conflicts <Paper corpusId=\"10741920\" paperTitle=\"(Dashti et al., 2016)\" isShortName></Paper>. This self-reinforcing cycle of aborts and restarts becomes particularly problematic with high-contention data objects or long-running transactions.\n\nResource contention represents another significant factor, as optimistic approaches require maintaining temporary copies of data during transaction execution. These copies consume valuable cache capacity and memory bandwidth, especially under high contention when many transactions operate concurrently <Paper corpusId=\"248466477\" paperTitle=\"(Bang et al., 2022)\" isShortName></Paper>. The impact becomes evident when system resources are insufficient to handle the demand, causing performance to collapse.\n\nThe implementation of optimistic locks further contributes to performance issues. In update-heavy workloads with contention, many writers attempt to acquire exclusive write locks on the same nodes using compare-and-swap (CAS) instructions. This results in frequent retries and substantial overhead as threads compete for locks <Paper corpusId=\"277451892\" paperTitle=\"(Chen et al., 2025)\" isShortName></Paper> <Paper corpusId=\"264044989\" paperTitle=\"(Shi et al., 2023)\" isShortName></Paper>. Additionally, readers may need to wait for writers to complete modifications or restart if version validation fails, further reducing concurrency.\n\nThe tracking of read and write sets, fundamental to OCC's operation, imposes significant computational overhead. This cost can outweigh the benefits of optimistic execution in high-contention environments, leading some researchers to recommend alternative approaches like partitioning with speculation <Paper corpusId=\"2859916\" paperTitle=\"(Jones et al., 2010)\" isShortName></Paper>. Even optimizations like virtual run policies, which allow aborted transactions to continue data prefetching, can paradoxically degrade performance under high system load by increasing resource contention <Paper corpusId=\"34959292\" paperTitle=\"(Ali, 2006)\" isShortName></Paper>.\n\nThe parallel execution schemes commonly employed in modern database systems also contribute to performance issues. These approaches typically achieve high hardware parallelism through high transaction concurrency, which inadvertently amplifies contention effects <Paper corpusId=\"248466477\" paperTitle=\"(Bang et al., 2022)\" isShortName></Paper> <Paper corpusId=\"5266128\" paperTitle=\"(Kallman et al., 2008)\" isShortName></Paper>. This architectural limitation affects all concurrency control mechanisms but is particularly problematic for OCC due to its optimistic nature.\n\nIt's worth noting that these performance challenges are not exclusive to OCC. Traditional locking-based approaches can also suffer under high contention, though in different ways. Single-version locking has been described as \"fragile,\" performing well with short transactions and no hotspots but degrading rapidly under high contention or with long transactions <Paper corpusId=\"8469846\" paperTitle=\"(Larson et al., 2011)\" isShortName></Paper>. This helps explain why the relative performance of concurrency control mechanisms varies with workload characteristics, with OCC generally preferred for low-contention scenarios and locking-based protocols often favored when data contention is high <Paper corpusId=\"52922115\" paperTitle=\"(Prasaad et al., 2018)\" isShortName></Paper>.","citations":[{"id":"(Dashti et al., 2016)","corpusId":10741920,"snippets":["Please click on the paper title to read the abstract on Semantic Scholar."],"paper":{"corpusId":10741920,"title":"Repairing Conflicts among MVCC Transactions","year":2016,"venue":"arXiv.org","authors":[{"name":"Mohammad Dashti","authorId":"143772942"},{"name":"Sachin Basil John","authorId":"23412010"},{"name":"A. Shaikhha","authorId":"2366196"},{"name":"Christoph E. Koch","authorId":"145624228"}],"nCitations":4},"snippetMetadata":[]},{"id":"(Bang et al., 2022)","corpusId":248466477,"snippets":["First, under high contention, the previously observed thrashing caused by overwhelming conflicts persisted regardless of hardware or other workload characteristics, impeding adequate utilisation of all our large hardware. A major cause of this thrashing of all CC schemes is the simple inter-transaction parallel execution scheme commonly used in today's DBMS (Färber et al., 2012)(Kallman et al., 2008)(Kimura, 2015)36,(Stonebraker et al., 1986), as it can only utilise high hardware parallelism with high transaction concurrency, amplifying contention","temporary copies of optimistic CC demand cache capacity and bandwidth","these capacity related effects did not appear as long as sufficient resources were available."],"paper":{"corpusId":248466477,"title":"The full story of 1000 cores","year":2022,"venue":"The VLDB journal","authors":[{"name":"Tiemo Bang","authorId":"1738711844"},{"name":"Norman May","authorId":"1766564"},{"name":"Ilia Petrov","authorId":"2057223130"},{"name":"Carsten Binnig","authorId":"2691974"}],"nCitations":6},"snippetMetadata":[{"quote":"First, under high contention, the previously observed thrashing caused by overwhelming conflicts persisted regardless of hardware or other workload characteristics, impeding adequate utilisation of all our large hardware. A major cause of this thrashing of all CC schemes is the simple inter-transaction parallel execution scheme commonly used in today's DBMS (Färber et al., 2012)(Kallman et al., 2008)(Kimura, 2015)36,(Stonebraker et al., 1986), as it can only utilise high hardware parallelism with high transaction concurrency, amplifying contention","pdfHash":"4b3fd6d038924d78c4c4e2a19d5eb1c9a77e8352","sectionTitle":"Findings of part two","isBody":true,"sentenceOffsets":[{"start":553,"end":774,"boundingBoxes":[{"h":8.8,"w":238.1,"top":109.3,"left":51,"page":26},{"h":8.8,"w":238.1,"top":121.7,"left":51,"page":26},{"h":8.8,"w":238.1,"top":134.2,"left":51,"page":26},{"h":8.8,"w":96.3,"top":146.6,"left":51,"page":26},{"h":8.8,"w":45.1,"top":96.8,"left":244,"page":26}]},{"start":775,"end":1037,"boundingBoxes":[{"h":8.8,"w":238.1,"top":159.1,"left":51,"page":26},{"h":8.8,"w":238.1,"top":171.6,"left":51,"page":26},{"h":8.8,"w":238.1,"top":184,"left":51,"page":26},{"h":8.8,"w":189.9,"top":196.5,"left":51,"page":26},{"h":8.8,"w":140.3,"top":146.6,"left":148.7,"page":26}]}],"refMentions":[3332040,5266128,7087729,6740973]},{"quote":"temporary copies of optimistic CC demand cache capacity and bandwidth","pdfHash":"4b3fd6d038924d78c4c4e2a19d5eb1c9a77e8352","sectionTitle":"Findings of part two","isBody":true,"sentenceOffsets":[{"start":1246,"end":1370,"boundingBoxes":[{"h":8.8,"w":238.1,"top":258.7,"left":51,"page":26},{"h":8.8,"w":145.2,"top":271.2,"left":51,"page":26},{"h":8.8,"w":139.3,"top":246.3,"left":149.8,"page":26}]}],"refMentions":[]},{"quote":"these capacity related effects did not appear as long as sufficient resources were available.","pdfHash":"4b3fd6d038924d78c4c4e2a19d5eb1c9a77e8352","sectionTitle":"Findings of part two","isBody":true,"sentenceOffsets":[{"start":1483,"end":1585,"boundingBoxes":[{"h":8.8,"w":238.1,"top":308.5,"left":51,"page":26},{"h":8.8,"w":60.9,"top":321,"left":51,"page":26},{"h":8.8,"w":92.9,"top":296.1,"left":196.2,"page":26}]}],"refMentions":[]}]},{"id":"(Chen et al., 2025)","corpusId":277451892,"snippets":["Optimistic lock offers a general approach to accessing a node without holding the lock, making it particularly beneficial for readheavy workloads. However, update-heavy workloads under contention suffer from performance collapse in two aspects. First, existing optimistic locks are typically implemented as spin locks with optimistic reads (Guerraoui et al., 2016)(Leis et al., 2019)44,(Shi et al., 2023). Writers must acquire an exclusive write lock via CAS instruction before modifying a node. This often leads to a scenario where many writers frequently retry CAS in a single node until they hold the lock. A backoff algorithm may somewhat mitigate this collapse, but not completely. Second, readers usually have to wait for the writer's modification and may have to restart if the version validation fails."],"paper":{"corpusId":277451892,"title":"FB+-tree: A Memory-Optimized B+-tree with Latch-Free Update","year":2025,"venue":"arXiv.org","authors":[{"name":"Yuan Chen","authorId":"2233848580"},{"name":"Ao Li","authorId":"2216410854"},{"name":"Wenhai Li","authorId":"2348070105"},{"name":"Lingfeng Deng","authorId":"2114191258"}],"nCitations":0},"snippetMetadata":[{"quote":"Optimistic lock offers a general approach to accessing a node without holding the lock, making it particularly beneficial for readheavy workloads. However, update-heavy workloads under contention suffer from performance collapse in two aspects. First, existing optimistic locks are typically implemented as spin locks with optimistic reads (Guerraoui et al., 2016)(Leis et al., 2019)44,(Shi et al., 2023). Writers must acquire an exclusive write lock via CAS instruction before modifying a node. This often leads to a scenario where many writers frequently retry CAS in a single node until they hold the lock. A backoff algorithm may somewhat mitigate this collapse, but not completely. Second, readers usually have to wait for the writer's modification and may have to restart if the version validation fails.","pdfHash":"32f33694bced4b0fb5190d1f7c70bbc6aa6b257a","sectionTitle":"Preliminaries to Index Synchronization","isBody":true,"sentenceOffsets":[{"start":714,"end":860,"boundingBoxes":[{"h":4.1,"w":242.1,"top":100.5,"left":317.6,"page":7},{"h":4.1,"w":65.8,"top":111.5,"left":318,"page":7},{"h":4.1,"w":230.3,"top":89.6,"left":327.9,"page":7}]},{"start":861,"end":958,"boundingBoxes":[{"h":4.1,"w":207.3,"top":122.5,"left":318,"page":7},{"h":4.1,"w":173.5,"top":111.5,"left":386.2,"page":7}]},{"start":959,"end":1068,"boundingBoxes":[{"h":4.1,"w":240.2,"top":133.4,"left":318,"page":7},{"h":4.1,"w":114.4,"top":144.4,"left":318,"page":7},{"h":4.1,"w":32.2,"top":122.5,"left":527.5,"page":7}]},{"start":1069,"end":1158,"boundingBoxes":[{"h":4.1,"w":201.6,"top":155.3,"left":317.6,"page":7},{"h":4.1,"w":123.6,"top":144.4,"left":434.6,"page":7}]},{"start":1159,"end":1272,"boundingBoxes":[{"h":4.1,"w":240.2,"top":166.3,"left":318,"page":7},{"h":4.1,"w":143.5,"top":177.2,"left":318,"page":7},{"h":4.1,"w":36.7,"top":155.3,"left":521.5,"page":7}]},{"start":1273,"end":1349,"boundingBoxes":[{"h":4.1,"w":190.6,"top":188.2,"left":318,"page":7},{"h":4.1,"w":94.3,"top":177.2,"left":464.1,"page":7}]},{"start":1350,"end":1473,"boundingBoxes":[{"h":4.1,"w":240.2,"top":199.2,"left":318,"page":7},{"h":4.1,"w":142.4,"top":210.1,"left":318,"page":7},{"h":4.1,"w":49,"top":188.2,"left":510.8,"page":7}]}],"refMentions":[17746476,83459602,264044989]}]},{"id":"(Shi et al., 2023)","corpusId":264044989,"snippets":["Please click on the paper title to read the abstract on Semantic Scholar."],"paper":{"corpusId":264044989,"title":"OptiQL: Robust Optimistic Locking for Memory-Optimized Indexes","year":2023,"venue":"Proc. ACM Manag. Data","authors":[{"name":"Ge Shi","authorId":"2257999901"},{"name":"Ziyi Yan","authorId":"2258300479"},{"name":"Tianzheng Wang","authorId":"2303037286"}],"nCitations":3},"snippetMetadata":[{"quote":"Please click on the paper title to read the abstract on Semantic Scholar.","pdfHash":"","sectionTitle":"abstract","isBody":false,"sentenceOffsets":[],"refMentions":[]}]},{"id":"(Jones et al., 2010)","corpusId":2859916,"snippets":["Some work has noted that locking does not work well in high-contention situations (Agrawal et al., 1987), and has recommended optimistic concurrency control for these cases. Our observation is similar, although our preliminary results for OCC suggests that it does not help in our setting because tracking read and write sets is expensive; instead, in high-contention settings, we find partitioning with speculation to be effective."],"paper":{"corpusId":2859916,"title":"Low overhead concurrency control for partitioned main memory databases","year":2010,"venue":"SIGMOD Conference","authors":[{"name":"E. Jones","authorId":"40272511"},{"name":"D. Abadi","authorId":"2254232"},{"name":"S. Madden","authorId":"144478906"}],"nCitations":162},"snippetMetadata":[{"quote":"Some work has noted that locking does not work well in high-contention situations (Agrawal et al., 1987), and has recommended optimistic concurrency control for these cases. Our observation is similar, although our preliminary results for OCC suggests that it does not help in our setting because tracking read and write sets is expensive; instead, in high-contention settings, we find partitioning with speculation to be effective.","pdfHash":"f5a77224c15fa59f28c48f816e4e7039967175a0","sectionTitle":"RELATED WORK","isBody":true,"sentenceOffsets":[],"refMentions":[7656155]}]},{"id":"(Ali, 2006)","corpusId":34959292,"snippets":["The optimistic concurrency control scheme OCC_FV with virtual run policy does better than the scheme without this policy under low system workload level up to 20 transactions/sec where system workload is controlled by the arrival rate of transactions in the system, but as the number of arriving transactions increases its performance is somewhat degraded. This is because the restarted first run transactions under this policy continue their read phases to bring the required data objects in memory in virtual run mode, increase the already high system resources contention since they compete for system resources and waits in system queues to complete their read phases in contrast to the other policy where the aborted first run transactions are restarted immediately."],"paper":{"corpusId":34959292,"title":"On Optimistic Concurrency Control for Real-Time Database Systems","year":2006,"venue":"","authors":[{"name":"Amer Nizar Abu Ali","authorId":"2265925289"}],"nCitations":15},"snippetMetadata":[{"quote":"The optimistic concurrency control scheme OCC_FV with virtual run policy does better than the scheme without this policy under low system workload level up to 20 transactions/sec where system workload is controlled by the arrival rate of transactions in the system, but as the number of arriving transactions increases its performance is somewhat degraded. This is because the restarted first run transactions under this policy continue their read phases to bring the required data objects in memory in virtual run mode, increase the already high system resources contention since they compete for system resources and waits in system queues to complete their read phases in contrast to the other policy where the aborted first run transactions are restarted immediately.","pdfHash":"27cef86bd83644dca1bcf5479fd0af8cb0a06c35","sectionTitle":"RESULTS AND DISCUSSION","isBody":true,"sentenceOffsets":[{"start":484,"end":840,"boundingBoxes":[{"h":9,"w":224.9,"top":551.3,"left":315,"page":4},{"h":9,"w":224.9,"top":563.3,"left":315,"page":4},{"h":9,"w":224.9,"top":575.3,"left":315,"page":4},{"h":9,"w":225,"top":587.3,"left":315,"page":4},{"h":9,"w":224.9,"top":599.3,"left":315,"page":4},{"h":9,"w":195.6,"top":611.3,"left":315,"page":4},{"h":9,"w":175.4,"top":539.3,"left":364.4,"page":4}]},{"start":841,"end":1255,"boundingBoxes":[{"h":9,"w":224.9,"top":623.3,"left":315,"page":4},{"h":9,"w":224.8,"top":635.3,"left":315,"page":4},{"h":9,"w":224.9,"top":647.3,"left":315,"page":4},{"h":9,"w":225.1,"top":659.3,"left":315,"page":4},{"h":9,"w":224.9,"top":671.3,"left":315,"page":4},{"h":9,"w":224.9,"top":683.3,"left":315,"page":4},{"h":9,"w":225,"top":695.3,"left":315,"page":4},{"h":9,"w":94.5,"top":707.3,"left":315,"page":4},{"h":9,"w":26.9,"top":611.3,"left":513.1,"page":4}]}],"refMentions":[]}]},{"id":"(Kallman et al., 2008)","corpusId":5266128,"snippets":["Please click on the paper title to read the abstract on Semantic Scholar."],"paper":{"corpusId":5266128,"title":"H-store: a high-performance, distributed main memory transaction processing system","year":2008,"venue":"Proceedings of the VLDB Endowment","authors":[{"name":"Robert Kallman","authorId":"103107558"},{"name":"Hideaki Kimura","authorId":"2069493009"},{"name":"Jonathan Natkins","authorId":"32038228"},{"name":"Andrew Pavlo","authorId":"1774210"},{"name":"A. Rasin","authorId":"6850164"},{"name":"S. Zdonik","authorId":"2031287"},{"name":"E. Jones","authorId":"40272511"},{"name":"S. Madden","authorId":"144478906"},{"name":"M. Stonebraker","authorId":"145345023"},{"name":"Yang Zhang","authorId":"2145955157"},{"name":"J. Hugg","authorId":"34665293"},{"name":"D. Abadi","authorId":"2254232"}],"nCitations":605},"snippetMetadata":[{"quote":"Please click on the paper title to read the abstract on Semantic Scholar.","pdfHash":"","sectionTitle":"abstract","isBody":false,"sentenceOffsets":[],"refMentions":[]}]},{"id":"(Larson et al., 2011)","corpusId":8469846,"snippets":["We found that traditional single-version locking is \"fragile\". It works well when all transactions are short and there are no hotspots but performance degrades rapidly under high contention or when the workload includes even a single long transaction."],"paper":{"corpusId":8469846,"title":"High-Performance Concurrency Control Mechanisms for Main-Memory Databases","year":2011,"venue":"Proceedings of the VLDB Endowment","authors":[{"name":"P. Larson","authorId":"144014124"},{"name":"Spyros Blanas","authorId":"3264757"},{"name":"C. Diaconu","authorId":"153514924"},{"name":"Craig S. Freedman","authorId":"2661320"},{"name":"J. Patel","authorId":"49111633"},{"name":"M. Zwilling","authorId":"2294589"}],"nCitations":275},"snippetMetadata":[{"quote":"We found that traditional single-version locking is \"fragile\". It works well when all transactions are short and there are no hotspots but performance degrades rapidly under high contention or when the workload includes even a single long transaction.","pdfHash":"134428a62b563ac5b576a1753ed0f59a48f4c431","sectionTitle":"INTRODUCTION","isBody":true,"sentenceOffsets":[{"start":1267,"end":1329,"boundingBoxes":[{"h":8.2,"w":12.5,"top":613.4,"left":281.6,"page":1},{"h":8.2,"w":206.8,"top":188.7,"left":318,"page":1}]},{"start":1330,"end":1518,"boundingBoxes":[{"h":8.2,"w":240.4,"top":199,"left":318,"page":1},{"h":8.2,"w":240.4,"top":209.3,"left":318,"page":1},{"h":8.2,"w":177.9,"top":219.7,"left":318,"page":1},{"h":8.2,"w":30.4,"top":188.7,"left":527.7,"page":1}]}],"refMentions":[]}]},{"id":"(Prasaad et al., 2018)","corpusId":52922115,"snippets":["Validation-based protocols (Diaconu et al., 2013)(Tu et al., 2013) are known to be wellsuited for workloads with low data contention or conflicts, i.e., when data items are being accessed by transactions concurrently, with at least one access being a write. Since conflicting accesses are rare, it is unlikely that the value of a data item is updated by another transaction during its execution, and hence validation mostly succeeds. On the other hand, for workloads where data contention is high, locking-based concurrency control protocols are generally preferred as they pessimistically block other transactions that require access to the same data item instead of incurring the overhead of repeatedly aborting and restarting the transaction like in OCC."],"paper":{"corpusId":52922115,"title":"Improving High Contention OLTP Performance via Transaction Scheduling","year":2018,"venue":"arXiv.org","authors":[{"name":"G. Prasaad","authorId":"40833497"},{"name":"Alvin Cheung","authorId":"144385783"},{"name":"Dan Suciu","authorId":"144823759"}],"nCitations":6},"snippetMetadata":[{"quote":"Validation-based protocols (Diaconu et al., 2013)(Tu et al., 2013) are known to be wellsuited for workloads with low data contention or conflicts, i.e., when data items are being accessed by transactions concurrently, with at least one access being a write. Since conflicting accesses are rare, it is unlikely that the value of a data item is updated by another transaction during its execution, and hence validation mostly succeeds. On the other hand, for workloads where data contention is high, locking-based concurrency control protocols are generally preferred as they pessimistically block other transactions that require access to the same data item instead of incurring the overhead of repeatedly aborting and restarting the transaction like in OCC.","pdfHash":"fff6deb514265172c3f5cfc761801d41db94c766","sectionTitle":"INTRODUCTION","isBody":true,"sentenceOffsets":[{"start":870,"end":1094,"boundingBoxes":[{"h":8.9,"w":242.3,"top":223.5,"left":317.6,"page":1},{"h":8.9,"w":241.3,"top":211.4,"left":318,"page":1},{"h":8.9,"w":173,"top":235.4,"left":318,"page":1},{"h":8.9,"w":232,"top":199.6,"left":327.9,"page":1}]},{"start":1095,"end":1270,"boundingBoxes":[{"h":8.9,"w":240.2,"top":247.4,"left":318,"page":1},{"h":8.9,"w":240.2,"top":259.3,"left":318,"page":1},{"h":8.9,"w":142,"top":271.3,"left":318,"page":1},{"h":8.9,"w":65.4,"top":235.4,"left":492.8,"page":1}]},{"start":1271,"end":1594,"boundingBoxes":[{"h":8.9,"w":242.3,"top":283.2,"left":317.6,"page":1},{"h":8.9,"w":240.5,"top":295.2,"left":318,"page":1},{"h":8.9,"w":240.2,"top":307.1,"left":318,"page":1},{"h":8.9,"w":240.2,"top":319.1,"left":318,"page":1},{"h":8.9,"w":240.2,"top":331.1,"left":318,"page":1},{"h":8.9,"w":21.6,"top":343,"left":318,"page":1},{"h":8.9,"w":95.3,"top":271.3,"left":463,"page":1}]}],"refMentions":[2961477,10076139]}]}],"format":"synthesis"},{"id":"section4","title":"Performance Optimizations and Solutions","tldr":"Researchers have developed various optimizations to address OCC's high-contention performance issues, including adaptive validation schemes, timestamp management techniques, and hybrid approaches that combine OCC with locking mechanisms for hot data. These solutions significantly improve throughput and reduce abort rates by either minimizing validation costs or selectively applying pessimistic controls for highly-contended data items. (11 sources)","text":"\nTo address the performance challenges of optimistic concurrency control in high-contention scenarios, researchers have developed several innovative optimization techniques. One prominent approach is adaptive optimistic concurrency control (AOCC), which dynamically selects appropriate validation methods based on both transaction characteristics and workload patterns. AOCC adapts by choosing low-cost validation schemes at runtime, considering both operation types (such as single-record reads versus key-range scans) and current workload characteristics to minimize validation overhead <Paper corpusId=\"85529534\" paperTitle=\"(Guo et al., 2019)\" isShortName></Paper>.\n\nTimestamp management has emerged as another critical optimization area. TicToc, a data-driven timestamp management protocol, eliminates centralized timestamp allocation bottlenecks by assigning read and write timestamps to data items rather than transactions. This approach lazily computes valid commit timestamps and allows transactions that would be aborted by conventional timestamp ordering schemes to commit successfully, resulting in up to 92% better throughput and 3.3× lower abort rates <Paper corpusId=\"233973340\" paperTitle=\"(Pei et al., 2021)\" isShortName></Paper> <Paper corpusId=\"59283\" paperTitle=\"(Yu et al., 2016)\" isShortName></Paper>.\n\nAdditional timestamp-related optimizations include commit-time updates and timestamp splitting, which have shown dramatic improvements in high-contention performance for both OCC and multi-version concurrency control (MVCC). These techniques have led to performance gains of up to 5.01× for OCC in TPC-C workloads <Paper corpusId=\"233973340\" paperTitle=\"(Pei et al., 2021)\" isShortName></Paper> <Paper corpusId=\"210980598\" paperTitle=\"(Huang et al., 2020)\" isShortName></Paper>.\n\nTransaction recovery represents a promising optimization direction that avoids the costly process of completely restarting aborted transactions. By reusing execution results from invalid transactions, systems can significantly reduce the overhead associated with aborts and restarts in high-contention workloads <Paper corpusId=\"56259806\" paperTitle=\"(Fu et al., 2017)\" isShortName></Paper>. Similarly, transaction batching offers substantial benefits by enabling reordering of transactions before validation and at the storage layer, reducing conflicts between transactions and on the same objects. This approach has shown throughput improvements of up to 2.2× and tail latency reductions of up to 71% compared to state-of-the-art systems on high-contention workloads <Paper corpusId=\"53567485\" paperTitle=\"(Ding et al., 2018)\" isShortName></Paper>.\n\nHybrid approaches that combine optimistic and pessimistic concurrency control have also proven effective. Mostly-optimistic concurrency control (MOCC) maintains OCC's high performance for low-contention data while applying a modified version of two-phase locking for highly contended \"hot\" tuples. This hybrid strategy has demonstrated performance up to 8× faster than pure OCC and 23× faster than pessimistic locking on high-conflict workloads <Paper corpusId=\"96462356\" paperTitle=\"(Durner et al., 2019)\" isShortName></Paper> <Paper corpusId=\"15052787\" paperTitle=\"(Wang et al., 2016)\" isShortName></Paper>.\n\nArchitectural innovations also contribute to performance improvements. The Poplar system implements optimistic concurrency control with a decentralized serial sequence number (SSN) management policy and a commit protocol that only requires transactions with read-after-write dependencies to commit in serial order. This approach achieves higher throughput compared to traditional transaction logging approaches while maintaining low commit latency <Paper corpusId=\"204906022\" paperTitle=\"(Zhou et al., 2019)\" isShortName></Paper>.\n\nOther research has explored integrating OCC with advanced storage structures. SolarDB combines a shared-everything architecture based on a two-layer log-structured merge-tree with a concurrency control algorithm that ensures efficient transaction processing even during background data compaction. This integration enables significantly better performance than shared-nothing systems, particularly when distributed transactions are involved <Paper corpusId=\"46929441\" paperTitle=\"(Zhu et al., 2019)\" isShortName></Paper>.\n\nProgram repartitioning presents yet another optimization avenue, particularly for database management systems supporting optimistic concurrency control. By intelligently repartitioning workloads to reduce contention patterns, systems can potentially improve performance under high-contention scenarios <Paper corpusId=\"262141\" paperTitle=\"(Shah, 2017)\" isShortName></Paper>. This approach addresses contention at its source rather than merely optimizing the concurrency control mechanism.","citations":[{"id":"(Guo et al., 2019)","corpusId":85529534,"snippets":["Please click on the paper title to read the abstract on Semantic Scholar."],"paper":{"corpusId":85529534,"title":"Adaptive Optimistic Concurrency Control for Heterogeneous Workloads","year":2019,"venue":"Proceedings of the VLDB Endowment","authors":[{"name":"Jinwei Guo","authorId":"2641894"},{"name":"Peng Cai","authorId":"48263222"},{"name":"Jiahao Wang","authorId":"2110182327"},{"name":"Weining Qian","authorId":"2172016"},{"name":"Aoying Zhou","authorId":"145031580"}],"nCitations":14},"snippetMetadata":[{"quote":"Please click on the paper title to read the abstract on Semantic Scholar.","pdfHash":"","sectionTitle":"abstract","isBody":false,"sentenceOffsets":[],"refMentions":[]}]},{"id":"(Pei et al., 2021)","corpusId":233973340,"snippets":["Optimistic concurrency control (OCC) is a popular concurrency control due to its low overhead in low-contention settings (Huang et al., 2020)(Guo et al., 2019)(Schüle et al., 2019)(Zhu et al., 2019)(Ding et al., 2018)(Lim et al., 2017)(Wang et al., 2016)(Yu et al., 2016)(Kung et al., 1979). Huang et al. (Huang et al., 2020) presented two optimization techniques, committime updates and timestamp splitting, which can dramatically improve the high-contention performance of OCC. TicToc (Yu et al., 2016) used a technique called data-driven timestamp management to completely eliminate the timestamp allocation bottleneck. AOCC (Guo et al., 2019) adaptively chose an appropriate tracking mechanism and validation method to reduce the validation cost according to the number of records read by a query and the size of write sets from concurrent update transactions."],"paper":{"corpusId":233973340,"title":"Dependence-Cognizant Locking Improvement for the Main Memory Database Systems","year":2021,"venue":"Mathematical Problems in Engineering","authors":[{"name":"Ouya Pei","authorId":"104811500"},{"name":"Zhanhuai Li","authorId":"3216007"},{"name":"Hongtao Du","authorId":"46323533"},{"name":"Wenjie Liu","authorId":"48151950"},{"name":"Jintao Gao","authorId":"48441630"}],"nCitations":0},"snippetMetadata":[{"quote":"Optimistic concurrency control (OCC) is a popular concurrency control due to its low overhead in low-contention settings (Huang et al., 2020)(Guo et al., 2019)(Schüle et al., 2019)(Zhu et al., 2019)(Ding et al., 2018)(Lim et al., 2017)(Wang et al., 2016)(Yu et al., 2016)(Kung et al., 1979). Huang et al. (Huang et al., 2020) presented two optimization techniques, committime updates and timestamp splitting, which can dramatically improve the high-contention performance of OCC. TicToc (Yu et al., 2016) used a technique called data-driven timestamp management to completely eliminate the timestamp allocation bottleneck. AOCC (Guo et al., 2019) adaptively chose an appropriate tracking mechanism and validation method to reduce the validation cost according to the number of records read by a query and the size of write sets from concurrent update transactions.","pdfHash":"476e61ff2aeb75fc1933e422900f4a97aa260b79","sectionTitle":"Optimistic Concurrency Control.","isBody":true,"sentenceOffsets":[{"start":0,"end":158,"boundingBoxes":[{"h":9.2,"w":240.1,"top":264.6,"left":51,"page":11},{"h":9.2,"w":210,"top":276,"left":51,"page":11},{"h":9.2,"w":80.4,"top":253.2,"left":210.6,"page":11}]},{"start":159,"end":330,"boundingBoxes":[{"h":9.2,"w":240.1,"top":287.5,"left":51,"page":11},{"h":9.2,"w":240.1,"top":299,"left":51,"page":11},{"h":9.2,"w":240.1,"top":310.5,"left":51,"page":11},{"h":9.2,"w":27.4,"top":276,"left":263.7,"page":11}]},{"start":331,"end":460,"boundingBoxes":[{"h":9.2,"w":240.1,"top":321.9,"left":51,"page":11},{"h":9.2,"w":240.1,"top":333.4,"left":51,"page":11},{"h":9.2,"w":72.8,"top":344.8,"left":51,"page":11}]},{"start":461,"end":688,"boundingBoxes":[{"h":9.2,"w":240.1,"top":356.2,"left":51,"page":11},{"h":9.2,"w":240.1,"top":367.7,"left":51,"page":11},{"h":9.2,"w":240.1,"top":379.1,"left":51,"page":11},{"h":9.2,"w":51,"top":390.6,"left":51,"page":11},{"h":9.2,"w":163.4,"top":344.8,"left":127.7,"page":11}]}],"refMentions":[210980598,85529534,174783892,46929441,53567485,787185,15052787,59283,61600099,210980598,59283,85529534]}]},{"id":"(Yu et al., 2016)","corpusId":59283,"snippets":["Concurrency control for on-line transaction processing (OLTP) database management systems (DBMSs) is a nasty game. Achieving higher performance on emerging many-core systems is difficult. Previous research has shown that timestamp management is the key scalability bottleneck in concurrency control algorithms. This prevents the system from scaling to large numbers of cores. In this paper we present TicToc, a new optimistic concurrency control algorithm that avoids the scalability and concurrency bottlenecks of prior T/O schemes. TicToc relies on a novel and provably correct data-driven timestamp management protocol. Instead of assigning timestamps to transactions, this protocol assigns read and write timestamps to data items and uses them to lazily compute a valid commit timestamp for each transaction. TicToc removes the need for centralized timestamp allocation, and commits transactions that would be aborted by conventional T/O schemes. We implemented TicToc along with four other concurrency control algorithms in an in-memory, shared-everything OLTP DBMS and compared their performance on different workloads. Our results show that TicToc achieves up to 92% better throughput while reducing the abort rate by 3.3x over these previous algorithms."],"paper":{"corpusId":59283,"title":"TicToc: Time Traveling Optimistic Concurrency Control","year":2016,"venue":"SIGMOD Conference","authors":[{"name":"Xiangyao Yu","authorId":"3046907"},{"name":"Andrew Pavlo","authorId":"1774210"},{"name":"Daniel Sánchez","authorId":"144342279"},{"name":"S. Devadas","authorId":"1695217"}],"nCitations":174},"snippetMetadata":[{"quote":"Concurrency control for on-line transaction processing (OLTP) database management systems (DBMSs) is a nasty game. Achieving higher performance on emerging many-core systems is difficult. Previous research has shown that timestamp management is the key scalability bottleneck in concurrency control algorithms. This prevents the system from scaling to large numbers of cores. In this paper we present TicToc, a new optimistic concurrency control algorithm that avoids the scalability and concurrency bottlenecks of prior T/O schemes. TicToc relies on a novel and provably correct data-driven timestamp management protocol. Instead of assigning timestamps to transactions, this protocol assigns read and write timestamps to data items and uses them to lazily compute a valid commit timestamp for each transaction. TicToc removes the need for centralized timestamp allocation, and commits transactions that would be aborted by conventional T/O schemes. We implemented TicToc along with four other concurrency control algorithms in an in-memory, shared-everything OLTP DBMS and compared their performance on different workloads. Our results show that TicToc achieves up to 92% better throughput while reducing the abort rate by 3.3x over these previous algorithms.","pdfHash":"","sectionTitle":"abstract","isBody":false,"sentenceOffsets":[],"refMentions":[]}]},{"id":"(Huang et al., 2020)","corpusId":210980598,"snippets":["Main-memory multicore transactional systems have achieved excellent performance using single-version optimistic concurrency control (OCC), especially on uncontended workloads. Nevertheless, systems based on other concurrency control protocols, such as hybrid OCC/ locking and variations on multiversion concurrency control (MVCC), are reported to outperform the best OCC systems, especially with increasing contention."],"paper":{"corpusId":210980598,"title":"Opportunities for optimism in contended main-memory multicore transactions","year":2020,"venue":"The VLDB journal","authors":[{"name":"Yihe Huang","authorId":"49866802"},{"name":"William Qian","authorId":"30660776"},{"name":"E. Kohler","authorId":"1686748"},{"name":"B. Liskov","authorId":"1720373"},{"name":"L. Shrira","authorId":"1679411"}],"nCitations":49},"snippetMetadata":[{"quote":"Main-memory multicore transactional systems have achieved excellent performance using single-version optimistic concurrency control (OCC), especially on uncontended workloads. Nevertheless, systems based on other concurrency control protocols, such as hybrid OCC/ locking and variations on multiversion concurrency control (MVCC), are reported to outperform the best OCC systems, especially with increasing contention.","pdfHash":null,"sectionTitle":"abstract","isBody":false,"sentenceOffsets":[],"refMentions":[]}]},{"id":"(Fu et al., 2017)","corpusId":56259806,"snippets":["Our optimistic concurrency control algorithm differs from the traditional method in that it extends the traditional OCC to compute transactions with distributed delays in its commit time and recover the timestamp of the transactions before the transaction is executed, and solves the problem of highly competitive workloads difficult. On the other hand, in the workload by using more parallel computing, reduce the dependence on the transaction to improve the ability of the transaction. To overcome the scalability bottleneck caused by redundant serial execution points, the OLTP analysis engine in this article uses multivariate concurrency control to improve the transaction recovery performance in order to make the OCC available to a wider range of OLTP workloads with the high cost of aborting and restarting the contention. The transaction recovery in this article attempts to reuse the execution results without restarting invalid transactions from the beginning and with low latency transactions from multiple concurrent connections that have high data insertion rates that cannot be addressed by disk processing."],"paper":{"corpusId":56259806,"title":"Distributed Database Integrated Transaction Processing Technology Research","year":2017,"venue":"","authors":[{"name":"Lan-mei Fu","authorId":"9428161"},{"name":"Shao-wei Zhang","authorId":"2116577386"},{"name":"Xu-bin Pei","authorId":"73162806"},{"name":"Jiasong Sun","authorId":"48480494"},{"name":"Zhi-yong Liu","authorId":"2109232179"},{"name":"Qiao Sun","authorId":"2112590558"}],"nCitations":1},"snippetMetadata":[{"quote":"Our optimistic concurrency control algorithm differs from the traditional method in that it extends the traditional OCC to compute transactions with distributed delays in its commit time and recover the timestamp of the transactions before the transaction is executed, and solves the problem of highly competitive workloads difficult. On the other hand, in the workload by using more parallel computing, reduce the dependence on the transaction to improve the ability of the transaction. To overcome the scalability bottleneck caused by redundant serial execution points, the OLTP analysis engine in this article uses multivariate concurrency control to improve the transaction recovery performance in order to make the OCC available to a wider range of OLTP workloads with the high cost of aborting and restarting the contention. The transaction recovery in this article attempts to reuse the execution results without restarting invalid transactions from the beginning and with low latency transactions from multiple concurrent connections that have high data insertion rates that cannot be addressed by disk processing.","pdfHash":"e77769a9dc6c89ec9e6f9a112f0c0e59c44d3d30","sectionTitle":"Integrated distributed database network transactions processing","isBody":true,"sentenceOffsets":[{"start":682,"end":1051,"boundingBoxes":[{"h":13.3,"w":482,"top":291.6,"left":56.7,"page":3},{"h":13.3,"w":482,"top":305.6,"left":56.7,"page":3},{"h":13.3,"w":482,"top":319.6,"left":56.7,"page":3},{"h":13.3,"w":361.2,"top":333.6,"left":56.7,"page":3}]},{"start":1052,"end":1204,"boundingBoxes":[{"h":13.3,"w":482,"top":347.6,"left":56.7,"page":3},{"h":13.3,"w":130.5,"top":361.5,"left":56.7,"page":3},{"h":13.3,"w":118.1,"top":333.6,"left":420.6,"page":3}]},{"start":1205,"end":1547,"boundingBoxes":[{"h":13.3,"w":482,"top":375.5,"left":56.7,"page":3},{"h":13.3,"w":482,"top":389.5,"left":56.7,"page":3},{"h":13.3,"w":399.5,"top":403.5,"left":56.7,"page":3},{"h":13.3,"w":345,"top":361.5,"left":193.6,"page":3}]},{"start":1548,"end":1839,"boundingBoxes":[{"h":13.3,"w":482,"top":417.5,"left":56.7,"page":3},{"h":13.3,"w":482,"top":431.5,"left":56.7,"page":3},{"h":13.3,"w":340.8,"top":445.4,"left":56.7,"page":3},{"h":13.3,"w":77,"top":403.5,"left":461.7,"page":3}]}],"refMentions":[]}]},{"id":"(Ding et al., 2018)","corpusId":53567485,"snippets":["Please click on the paper title to read the abstract on Semantic Scholar."],"paper":{"corpusId":53567485,"title":"Improving Optimistic Concurrency Control Through Transaction Batching and Operation Reordering","year":2018,"venue":"Proceedings of the VLDB Endowment","authors":[{"name":"B. Ding","authorId":"3195519"},{"name":"Lucja Kot","authorId":"1763174"},{"name":"J. Gehrke","authorId":"143614516"}],"nCitations":67},"snippetMetadata":[{"quote":"Please click on the paper title to read the abstract on Semantic Scholar.","pdfHash":"","sectionTitle":"abstract","isBody":false,"sentenceOffsets":[],"refMentions":[]}]},{"id":"(Durner et al., 2019)","corpusId":96462356,"snippets":["Optimistic protocols perform well if the amount of conflicts is small but introduce many aborts with a rising number of conflicts. The mostly-optimistic concurrency control (MOCC) has been developed to address the problems of highly contended workloads [28]. For highly contended accesses, MOCC maintains a modified version of 2PL to lock on a tuple granularity, on less contended tuples it relies on OCC's highperformance without taking read locks. One challenge of MOCC is the detection of such \"hot\" tuples."],"paper":{"corpusId":96462356,"title":"No False Negatives: Accepting All Useful Schedules in a Fast Serializable Many-Core System","year":2019,"venue":"IEEE International Conference on Data Engineering","authors":[{"name":"Dominik Durner","authorId":"12687177"},{"name":"Thomas Neumann","authorId":"143993045"}],"nCitations":10},"snippetMetadata":[{"quote":"Optimistic protocols perform well if the amount of conflicts is small but introduce many aborts with a rising number of conflicts. The mostly-optimistic concurrency control (MOCC) has been developed to address the problems of highly contended workloads [28]. For highly contended accesses, MOCC maintains a modified version of 2PL to lock on a tuple granularity, on less contended tuples it relies on OCC's highperformance without taking read locks. One challenge of MOCC is the detection of such \"hot\" tuples.","pdfHash":"","sectionTitle":"","isBody":true,"sentenceOffsets":[],"refMentions":[]}]},{"id":"(Wang et al., 2016)","corpusId":15052787,"snippets":["Please click on the paper title to read the abstract on Semantic Scholar."],"paper":{"corpusId":15052787,"title":"Mostly-Optimistic Concurrency Control for Highly Contended Dynamic Workloads on a Thousand Cores","year":2016,"venue":"Proceedings of the VLDB Endowment","authors":[{"name":"Tianzheng Wang","authorId":"48469973"},{"name":"Hideaki Kimura","authorId":"2069493009"}],"nCitations":100},"snippetMetadata":[{"quote":"Please click on the paper title to read the abstract on Semantic Scholar.","pdfHash":"","sectionTitle":"abstract","isBody":false,"sentenceOffsets":[],"refMentions":[]}]},{"id":"(Zhou et al., 2019)","corpusId":204906022,"snippets":["In this paper, we implement Poplar with the optimistic concurrency control of Silo and compare it with traditional approaches, and confirm the following: \n\n• With the decentralized SSN management policy, Poplar maintains the highest throughput compared with other transaction logging approaches. \n\n• The commit protocol requires only transactions with RAW dependencies to be committed in serial order gives super commit latency of transactions. \n\n• Poplar breaks thoroughly the sequential constraints of traditional logging, making logging and recovery highly scalable."],"paper":{"corpusId":204906022,"title":"Guaranteeing Recoverability via Partially Constrained Transaction Logs","year":2019,"venue":"arXiv.org","authors":[{"name":"Huan Zhou","authorId":"2146381713"},{"name":"Jinwei Guo","authorId":"2641894"},{"name":"Huiqi Hu","authorId":"1802748"},{"name":"Weining Qian","authorId":"2172016"},{"name":"Xuan Zhou","authorId":"39637594"},{"name":"Aoying Zhou","authorId":"145031580"}],"nCitations":0},"snippetMetadata":[{"quote":"In this paper, we implement Poplar with the optimistic concurrency control of Silo and compare it with traditional approaches, and confirm the following: \n\n• With the decentralized SSN management policy, Poplar maintains the highest throughput compared with other transaction logging approaches. \n\n• The commit protocol requires only transactions with RAW dependencies to be committed in serial order gives super commit latency of transactions. \n\n• Poplar breaks thoroughly the sequential constraints of traditional logging, making logging and recovery highly scalable.","pdfHash":"","sectionTitle":"","isBody":true,"sentenceOffsets":[],"refMentions":[]}]},{"id":"(Zhu et al., 2019)","corpusId":46929441,"snippets":["Efficient transaction processing over large databases is a key requirement for many mission-critical applications. Although modern databases have achieved good performance through horizontal partitioning, their performance deteriorates when cross-partition distributed transactions have to be executed. This article presents SolarDB, a distributed relational database system that has been successfully tested at a large commercial bank. The key features of SolarDB include (1) a shared-everything architecture based on a two-layer log-structured merge-tree; (2) a new concurrency control algorithm that works with the log-structured storage, which ensures efficient and non-blocking transaction processing even when the storage layer is compacting data among nodes in the background; and (3) find-grained data access to effectively minimize and balance network communication within the cluster. According to our empirical evaluations on TPC-C, Smallbank, and a real-world workload, SolarDB outperforms the existing shared-nothing systems by up to 50x when there are close to or more than 5% distributed transactions."],"paper":{"corpusId":46929441,"title":"SolarDB","year":2019,"venue":"ACM Transactions on Storage","authors":[{"name":"Tao Zhu","authorId":"2072832217"},{"name":"Zhuoyue Zhao","authorId":"3416271"},{"name":"Feifei Li","authorId":"3245752"},{"name":"Weining Qian","authorId":"2172016"},{"name":"Aoying Zhou","authorId":"145031580"},{"name":"Dong Xie","authorId":"145042410"},{"name":"Ryan Stutsman","authorId":"3087426"},{"name":"HaiNing Li","authorId":"1491631180"},{"name":"Huiqi Hu","authorId":"1802748"}],"nCitations":14},"snippetMetadata":[{"quote":"Efficient transaction processing over large databases is a key requirement for many mission-critical applications. Although modern databases have achieved good performance through horizontal partitioning, their performance deteriorates when cross-partition distributed transactions have to be executed. This article presents SolarDB, a distributed relational database system that has been successfully tested at a large commercial bank. The key features of SolarDB include (1) a shared-everything architecture based on a two-layer log-structured merge-tree; (2) a new concurrency control algorithm that works with the log-structured storage, which ensures efficient and non-blocking transaction processing even when the storage layer is compacting data among nodes in the background; and (3) find-grained data access to effectively minimize and balance network communication within the cluster. According to our empirical evaluations on TPC-C, Smallbank, and a real-world workload, SolarDB outperforms the existing shared-nothing systems by up to 50x when there are close to or more than 5% distributed transactions.","pdfHash":"","sectionTitle":"abstract","isBody":false,"sentenceOffsets":[],"refMentions":[]}]},{"id":"(Shah, 2017)","corpusId":262141,"snippets":["We also want to investigate how transaction aborts hurt performance under contention, and whether hybrid concurrency control and/or program repartitioning would improve system performance."],"paper":{"corpusId":262141,"title":"Transactional Partitioning: A New Abstraction for Main-Memory Databases","year":2017,"venue":"arXiv.org","authors":[{"name":"Vivek Shah","authorId":"145381541"}],"nCitations":3},"snippetMetadata":[{"quote":"We also want to investigate how transaction aborts hurt performance under contention, and whether hybrid concurrency control and/or program repartitioning would improve system performance.","pdfHash":"fc6b2439de0dbfcebacdd5ea7afde50fedc5e549","sectionTitle":"Physical Implementation and Evaluation","isBody":true,"sentenceOffsets":[{"start":337,"end":525,"boundingBoxes":[{"h":9,"w":239.2,"top":668.8,"left":316.8,"page":5},{"h":9,"w":239,"top":679.2,"left":316.8,"page":5},{"h":9,"w":239,"top":689.6,"left":316.8,"page":5},{"h":9,"w":83.7,"top":658.3,"left":472.2,"page":5}]}],"refMentions":[]}]}],"format":"synthesis"},{"id":"section5","title":"Comparative Performance","tldr":"Comparative studies consistently show that OCC outperforms locking-based approaches in low-contention workloads due to its minimal overhead, but significantly underperforms when contention increases. This performance crossover pattern has been repeatedly confirmed across different database architectures, with hybrid approaches often providing the best overall performance across varying contention levels. (5 sources)","text":"\nWhen evaluating concurrency control mechanisms, a consistent pattern emerges in comparative performance analyses. Optimistic concurrency control demonstrates superior performance in low-contention scenarios but deteriorates significantly as contention increases. This pattern has been confirmed through numerous empirical studies comparing OCC against alternative approaches like two-phase locking (2PL).\n\nIn low-contention environments, OCC's advantages are clear. Its minimal overhead and latency allow it to deliver superior performance in most workloads compared to pessimistic approaches <Paper corpusId=\"219296487\" paperTitle=\"(Bottcher et al., 2020)\" isShortName></Paper>. The absence of locks during transaction execution eliminates blocking delays, enabling higher throughput when conflicts are rare <Paper corpusId=\"52922115\" paperTitle=\"(Prasaad et al., 2018)\" isShortName></Paper>.\n\nHowever, as data contention intensifies, OCC's performance advantage inverts. Benchmark tests using TPC-C workloads with varying contention levels (manipulated by changing the number of warehouses) consistently show that OCC achieves the highest throughput under low contention conditions but is outperformed by both 2PL and other approaches when contention increases <Paper corpusId=\"235125586\" paperTitle=\"(Wang et al., 2021)\" isShortName></Paper>. This performance crossover has been repeatedly confirmed by multiple researchers, establishing it as a fundamental characteristic of OCC's behavior <Paper corpusId=\"18277267\" paperTitle=\"(Xiong et al., 2016)\" isShortName></Paper>.\n\nThe emergence of in-memory multicore database systems has not altered this fundamental performance pattern. While single-version OCC implementations have achieved excellent results on uncontended workloads in main-memory environments, they are consistently outperformed by hybrid approaches combining OCC with locking mechanisms or multiversion concurrency control (MVCC) variants as contention levels rise <Paper corpusId=\"210980598\" paperTitle=\"(Huang et al., 2020)\" isShortName></Paper>.\n\nThis comparative performance assessment helps explain the industry trend toward hybrid concurrency control mechanisms. By leveraging the strengths of both optimistic and pessimistic approaches, these hybrid systems aim to maintain OCC's performance advantages in low-contention scenarios while mitigating its weaknesses when contention is high. The consistent performance patterns observed across different studies and implementations suggest this is not merely an implementation-specific issue but rather an inherent characteristic of the optimistic approach to concurrency control <Paper corpusId=\"52922115\" paperTitle=\"(Prasaad et al., 2018)\" isShortName></Paper> <Paper corpusId=\"18277267\" paperTitle=\"(Xiong et al., 2016)\" isShortName></Paper>.","citations":[{"id":"(Bottcher et al., 2020)","corpusId":219296487,"snippets":["The results indicate that optimistic locking has superior performance in most workloads due to its minimal overhead and latency."],"paper":{"corpusId":219296487,"title":"Scalable and robust latches for database systems","year":2020,"venue":"International Workshop on Data Management on New Hardware","authors":[{"name":"Jan Böttcher","authorId":"2070103873"},{"name":"Viktor Leis","authorId":"1787012"},{"name":"Jana Giceva","authorId":"2811717"},{"name":"Thomas Neumann","authorId":"143993045"},{"name":"A. Kemper","authorId":"144122431"}],"nCitations":17},"snippetMetadata":[{"quote":"The results indicate that optimistic locking has superior performance in most workloads due to its minimal overhead and latency.","pdfHash":"6c1dcb21d53e769d38f8fdabee298e74dcf71833","sectionTitle":"abstract","isBody":false,"sentenceOffsets":[],"refMentions":[]}]},{"id":"(Prasaad et al., 2018)","corpusId":52922115,"snippets":["Validation-based protocols (Diaconu et al., 2013)(Tu et al., 2013) are known to be wellsuited for workloads with low data contention or conflicts, i.e., when data items are being accessed by transactions concurrently, with at least one access being a write. Since conflicting accesses are rare, it is unlikely that the value of a data item is updated by another transaction during its execution, and hence validation mostly succeeds. On the other hand, for workloads where data contention is high, locking-based concurrency control protocols are generally preferred as they pessimistically block other transactions that require access to the same data item instead of incurring the overhead of repeatedly aborting and restarting the transaction like in OCC."],"paper":{"corpusId":52922115,"title":"Improving High Contention OLTP Performance via Transaction Scheduling","year":2018,"venue":"arXiv.org","authors":[{"name":"G. Prasaad","authorId":"40833497"},{"name":"Alvin Cheung","authorId":"144385783"},{"name":"Dan Suciu","authorId":"144823759"}],"nCitations":6},"snippetMetadata":[{"quote":"Validation-based protocols (Diaconu et al., 2013)(Tu et al., 2013) are known to be wellsuited for workloads with low data contention or conflicts, i.e., when data items are being accessed by transactions concurrently, with at least one access being a write. Since conflicting accesses are rare, it is unlikely that the value of a data item is updated by another transaction during its execution, and hence validation mostly succeeds. On the other hand, for workloads where data contention is high, locking-based concurrency control protocols are generally preferred as they pessimistically block other transactions that require access to the same data item instead of incurring the overhead of repeatedly aborting and restarting the transaction like in OCC.","pdfHash":"fff6deb514265172c3f5cfc761801d41db94c766","sectionTitle":"INTRODUCTION","isBody":true,"sentenceOffsets":[{"start":870,"end":1094,"boundingBoxes":[{"h":8.9,"w":242.3,"top":223.5,"left":317.6,"page":1},{"h":8.9,"w":241.3,"top":211.4,"left":318,"page":1},{"h":8.9,"w":173,"top":235.4,"left":318,"page":1},{"h":8.9,"w":232,"top":199.6,"left":327.9,"page":1}]},{"start":1095,"end":1270,"boundingBoxes":[{"h":8.9,"w":240.2,"top":247.4,"left":318,"page":1},{"h":8.9,"w":240.2,"top":259.3,"left":318,"page":1},{"h":8.9,"w":142,"top":271.3,"left":318,"page":1},{"h":8.9,"w":65.4,"top":235.4,"left":492.8,"page":1}]},{"start":1271,"end":1594,"boundingBoxes":[{"h":8.9,"w":242.3,"top":283.2,"left":317.6,"page":1},{"h":8.9,"w":240.5,"top":295.2,"left":318,"page":1},{"h":8.9,"w":240.2,"top":307.1,"left":318,"page":1},{"h":8.9,"w":240.2,"top":319.1,"left":318,"page":1},{"h":8.9,"w":240.2,"top":331.1,"left":318,"page":1},{"h":8.9,"w":21.6,"top":343,"left":318,"page":1},{"h":8.9,"w":95.3,"top":271.3,"left":463,"page":1}]}],"refMentions":[2961477,10076139]}]},{"id":"(Wang et al., 2021)","corpusId":235125586,"snippets":["Optimistic concurrency control (OCC) is better than two-phase-locking (2PL) under low contention, while the converse is true under high contention","Figure 1 shows the throughput of 2PL, OCC and IC3 [60] on a multi-core database under the TPC-C workload with a varying number of warehouses. OCC has the highest throughput under low contention (more warehouses) while the other two outperform OCC under high contention (fewer warehouses). Similar results have also been reported by others [67]."],"paper":{"corpusId":235125586,"title":"Polyjuice: High-Performance Transactions via Learned Concurrency Control","year":2021,"venue":"USENIX Symposium on Operating Systems Design and Implementation","authors":[{"name":"Jia-Chen Wang","authorId":"2110175450"},{"name":"Ding Ding","authorId":"2056669605"},{"name":"Huan Wang","authorId":"2197900626"},{"name":"Conrad Christensen","authorId":"2103385608"},{"name":"Zhaoguo Wang","authorId":"8491577"},{"name":"Haibo Chen","authorId":"2118438836"},{"name":"Jinyang Li","authorId":"46276184"}],"nCitations":25},"snippetMetadata":[{"quote":"Optimistic concurrency control (OCC) is better than two-phase-locking (2PL) under low contention, while the converse is true under high contention","pdfHash":"9de91eef69d06fa3cac9ab16af52b11354ff06b2","sectionTitle":"abstract","isBody":false,"sentenceOffsets":[],"refMentions":[]},{"quote":"Figure 1 shows the throughput of 2PL, OCC and IC3 [60] on a multi-core database under the TPC-C workload with a varying number of warehouses. OCC has the highest throughput under low contention (more warehouses) while the other two outperform OCC under high contention (fewer warehouses). Similar results have also been reported by others [67].","pdfHash":"","sectionTitle":"","isBody":true,"sentenceOffsets":[],"refMentions":[]}]},{"id":"(Xiong et al., 2016)","corpusId":18277267,"snippets":["Optimistic concurrency controls (OCCs) have attracted a lot of attention in distributed and realtime databases (Carey et al., 1988)(Ceri et al., 1982)(Hder, 2003)(Haritsa et al., 1990)(Lam et al., 1996)(Mullender et al., 1985) due to its simplicity and dead-lock free nature. Transactions are allowed to proceed without hindrance until at the end -the verification phase. However, as the resource and data contention intensifies, the number of restarts can increase dramatically, and OCCs may perform much worse than 2PL (Agrawal et al., 1987)."],"paper":{"corpusId":18277267,"title":"A Prudent-Precedence Concurrency Control Protocol for High Data Contention Database Enviornments","year":2016,"venue":"arXiv.org","authors":[{"name":"Weidong Xiong","authorId":"2055448837"},{"name":"Feng Yu","authorId":"35005063"},{"name":"Mohammed Hamdi","authorId":"144947841"},{"name":"W. Hou","authorId":"1712441"}],"nCitations":2},"snippetMetadata":[{"quote":"Optimistic concurrency controls (OCCs) have attracted a lot of attention in distributed and realtime databases (Carey et al., 1988)(Ceri et al., 1982)(Hder, 2003)(Haritsa et al., 1990)(Lam et al., 1996)(Mullender et al., 1985) due to its simplicity and dead-lock free nature. Transactions are allowed to proceed without hindrance until at the end -the verification phase. However, as the resource and data contention intensifies, the number of restarts can increase dramatically, and OCCs may perform much worse than 2PL (Agrawal et al., 1987).","pdfHash":"c110c60d9d412b21a3159f8056052be0649853b6","sectionTitle":"INTRODUCTION","isBody":true,"sentenceOffsets":[{"start":475,"end":650,"boundingBoxes":[{"h":9.4,"w":406,"top":514.6,"left":106.3,"page":1},{"h":9.4,"w":335.1,"top":526.5,"left":106.3,"page":1}]},{"start":651,"end":746,"boundingBoxes":[{"h":9.4,"w":333.3,"top":538.5,"left":106.3,"page":1},{"h":9.4,"w":68.3,"top":526.5,"left":444.2,"page":1}]},{"start":747,"end":900,"boundingBoxes":[{"h":9.4,"w":406,"top":550.4,"left":106.3,"page":1},{"h":9.4,"w":195.8,"top":562.1,"left":106.3,"page":1},{"h":9.4,"w":69,"top":538.5,"left":443.4,"page":1}]}],"refMentions":[9117343,27334677,7710744,5509356,60784164,10617767,7656155]}]},{"id":"(Huang et al., 2020)","corpusId":210980598,"snippets":["Main-memory multicore transactional systems have achieved excellent performance using single-version optimistic concurrency control (OCC), especially on uncontended workloads. Nevertheless, systems based on other concurrency control protocols, such as hybrid OCC/ locking and variations on multiversion concurrency control (MVCC), are reported to outperform the best OCC systems, especially with increasing contention."],"paper":{"corpusId":210980598,"title":"Opportunities for optimism in contended main-memory multicore transactions","year":2020,"venue":"The VLDB journal","authors":[{"name":"Yihe Huang","authorId":"49866802"},{"name":"William Qian","authorId":"30660776"},{"name":"E. Kohler","authorId":"1686748"},{"name":"B. Liskov","authorId":"1720373"},{"name":"L. Shrira","authorId":"1679411"}],"nCitations":49},"snippetMetadata":[{"quote":"Main-memory multicore transactional systems have achieved excellent performance using single-version optimistic concurrency control (OCC), especially on uncontended workloads. Nevertheless, systems based on other concurrency control protocols, such as hybrid OCC/ locking and variations on multiversion concurrency control (MVCC), are reported to outperform the best OCC systems, especially with increasing contention.","pdfHash":null,"sectionTitle":"abstract","isBody":false,"sentenceOffsets":[],"refMentions":[]}]}],"format":"synthesis"}]}