{"type":"REPORT","id":"760db72c-c7a3-4eda-ad79-16557fdaf327","sections":[{"id":"section0","title":"Background on Distributed SQL Databases","tldr":"Distributed SQL databases like CockroachDB and YugabyteDB horizontally partition data across nodes to achieve scalability while maintaining strong consistency and high availability. These systems typically employ multi-tier architectures with SQL and storage layers, using consensus protocols like Raft to ensure data consistency across geographically distributed replicas. (6 sources)","text":"\nDistributed SQL databases have emerged as essential infrastructure for today's large-scale applications, offering scalability through horizontal partitioning (sharding) of data across multiple nodes <Paper corpusId=\"268513302\" paperTitle=\"(Zheng et al., 2024)\" isShortName></Paper> <Paper corpusId=\"1221800\" paperTitle=\"(Corbett et al., 2012)\" isShortName></Paper> <Paper corpusId=\"218981476\" paperTitle=\"(Taft et al., 2020)\" isShortName></Paper>. These systems typically follow a shared-nothing architecture where a cluster consists of nodes that may be located in the same data center or geographically dispersed, with clients able to connect to any node in the cluster <Paper corpusId=\"268987400\" paperTitle=\"(Zeng et al., 2024)\" isShortName></Paper>.\n\nThe architecture of these databases generally includes tiered components. A common pattern involves an SQL layer for query processing and a distributed storage layer for data management <Paper corpusId=\"268987400\" paperTitle=\"(Zeng et al., 2024)\" isShortName></Paper>. The storage layer implements range partitioning, dividing data into small slices (called ranges or regions) containing contiguous key-value pairs, with tuples from tables mapped to these key-value structures <Paper corpusId=\"268987400\" paperTitle=\"(Zeng et al., 2024)\" isShortName></Paper>.\n\nFor data consistency and fault tolerance, these systems maintain multiple replicas of each data slice. Consensus protocols such as Raft or Paxos ensure consistency across replicas <Paper corpusId=\"268987400\" paperTitle=\"(Zeng et al., 2024)\" isShortName></Paper>. CockroachDB, for example, replicates data across nodes and ensures strong consistency through the Raft consensus protocol <Paper corpusId=\"247595380\" paperTitle=\"(Margara et al., 2022)\" isShortName></Paper>. It employs an isolation mechanism based on hybrid physical and logical clocks similar to Google Spanner, integrating it with an optimistic protocol for conflict resolution <Paper corpusId=\"247595380\" paperTitle=\"(Margara et al., 2022)\" isShortName></Paper> <Paper corpusId=\"218981476\" paperTitle=\"(Taft et al., 2020)\" isShortName></Paper>.\n\nYugabyteDB follows a similar architecture inspired by Google Spanner, with a distributed storage layer, a SQL engine layer, and a Placement Driver that serves as a timestamp oracle <Paper corpusId=\"277502031\" paperTitle=\"(Li et al., 2025)\" isShortName></Paper>. Unlike Spanner, YugabyteDB uses Hybrid Logical Clocks (HLCs) instead of atomic clocks for transaction timestamp assignment <Paper corpusId=\"277502031\" paperTitle=\"(Li et al., 2025)\" isShortName></Paper>.\n\nAn important feature of these systems is their ability to configure data placement. For instance, CockroachDB allows tables to be partitioned based on a Region column, ensuring that related data is stored within a single data center <Paper corpusId=\"247595380\" paperTitle=\"(Margara et al., 2022)\" isShortName></Paper>. This capability can improve access times for local clients and help enforce privacy regulations <Paper corpusId=\"247595380\" paperTitle=\"(Margara et al., 2022)\" isShortName></Paper>.","citations":[{"id":"(Zheng et al., 2024)","corpusId":268513302,"snippets":["Modern distributed databases, with representative examples including Spanner (Corbett et al., 2012), CockroachDB (Taft et al., 2020), TiDB [3], are essential to today's large-scale online applications.These databases horizontally partition data across several nodes to improve scalability.However, data partition comes at the cost of requiring distributed transaction processing, where a transaction must be executed and committed through rounds of communication with multiple nodes.As the involved network overhead is non-negligible, it is commonly accepted that distributed transactions are slow (Harding et al., 2017)."],"paper":{"corpusId":268513302,"title":"Lion: Minimizing Distributed Transactions Through Adaptive Replica Provision","year":2024,"venue":"IEEE International Conference on Data Engineering","authors":[{"name":"Qiushi Zheng","authorId":"2292407074"},{"name":"Zhanhao Zhao","authorId":"3439062"},{"name":"Wei Lu","authorId":"2265615839"},{"name":"Chang Yao","authorId":"2292210822"},{"name":"Yuxing Chen","authorId":"2244220012"},{"name":"Anqun Pan","authorId":"40898641"},{"name":"Xiaoyong Du","authorId":"2243945891"}],"nCitations":2},"snippetMetadata":[{"quote":"Modern distributed databases, with representative examples including Spanner (Corbett et al., 2012), CockroachDB (Taft et al., 2020), TiDB [3], are essential to today's large-scale online applications.These databases horizontally partition data across several nodes to improve scalability.However, data partition comes at the cost of requiring distributed transaction processing, where a transaction must be executed and committed through rounds of communication with multiple nodes.As the involved network overhead is non-negligible, it is commonly accepted that distributed transactions are slow (Harding et al., 2017).","pdfHash":"b2db407974f2cd0a3b07adfae68e40a66dc0dbbd","sectionTitle":"I. INTRODUCTION","isBody":true,"sentenceOffsets":[{"start":0,"end":166,"boundingBoxes":[{"h":8.6,"w":251.1,"top":578.2,"left":49,"page":1},{"h":8.6,"w":223.6,"top":590.1,"left":49,"page":1},{"h":8.6,"w":241.1,"top":566.2,"left":58.9,"page":1}]},{"start":166,"end":254,"boundingBoxes":[{"h":8.6,"w":251.1,"top":602.1,"left":49,"page":1},{"h":8.6,"w":81.7,"top":614,"left":49,"page":1},{"h":8.6,"w":23.8,"top":590.1,"left":276.2,"page":1}]},{"start":254,"end":448,"boundingBoxes":[{"h":8.6,"w":251.1,"top":626,"left":49,"page":1},{"h":8.6,"w":251.1,"top":637.9,"left":49,"page":1},{"h":8.6,"w":148.3,"top":649.9,"left":49,"page":1},{"h":8.6,"w":163.3,"top":614,"left":136.7,"page":1}]},{"start":448,"end":567,"boundingBoxes":[{"h":8.6,"w":251.1,"top":661.8,"left":49,"page":1},{"h":8.6,"w":148.8,"top":673.8,"left":49,"page":1},{"h":8.6,"w":99.6,"top":649.9,"left":200.5,"page":1}]}],"refMentions":[1221800,218981476,11835733]}]},{"id":"(Corbett et al., 2012)","corpusId":1221800,"snippets":["Spanner is Google’s scalable, multiversion, globally distributed, and synchronously replicated database. It is the first system to distribute data at global scale and support externally-consistent distributed transactions. This article describes how Spanner is structured, its feature set, the rationale underlying various design decisions, and a novel time API that exposes clock uncertainty. This API and its implementation are critical to supporting external consistency and a variety of powerful features: nonblocking reads in the past, lock-free snapshot transactions, and atomic schema changes, across all of Spanner."],"paper":{"corpusId":1221800,"title":"Spanner: Google's Globally-Distributed Database","year":2012,"venue":"USENIX Symposium on Operating Systems Design and Implementation","authors":[{"name":"J. Corbett","authorId":"143962122"},{"name":"J. Dean","authorId":"49959210"},{"name":"Michael Epstein","authorId":"2041535246"},{"name":"A. Fikes","authorId":"3056963"},{"name":"Christopher Frost","authorId":"2064471306"},{"name":"JJ Furman","authorId":"24918521"},{"name":"Sanjay Ghemawat","authorId":"1780892"},{"name":"Andrey Gubarev","authorId":"144267830"},{"name":"Christopher Heiser","authorId":"51425828"},{"name":"Peter H. Hochschild","authorId":"143860536"},{"name":"Wilson C. Hsieh","authorId":"35087612"},{"name":"Sebastian Kanthak","authorId":"39140636"},{"name":"Eugene Kogan","authorId":"2063031994"},{"name":"Hongyi Li","authorId":"2269792978"},{"name":"Alexander Lloyd","authorId":"144348389"},{"name":"S. Melnik","authorId":"143973671"},{"name":"David Mwaura","authorId":"51345432"},{"name":"D. Nagle","authorId":"46568282"},{"name":"Sean Quinlan","authorId":"145062645"},{"name":"Rajesh Rao","authorId":"2069605776"},{"name":"Lindsay Rolig","authorId":"2269737950"},{"name":"Yasushi Saito","authorId":"153304144"},{"name":"Michal Szymaniak","authorId":"2269737812"},{"name":"Christopher Taylor","authorId":"2115490429"},{"name":"Ruth Wang","authorId":"2269833352"},{"name":"Dale Woodford","authorId":"33117667"}],"nCitations":1458},"snippetMetadata":[{"quote":"Spanner is Google’s scalable, multiversion, globally distributed, and synchronously replicated database. It is the first system to distribute data at global scale and support externally-consistent distributed transactions. This article describes how Spanner is structured, its feature set, the rationale underlying various design decisions, and a novel time API that exposes clock uncertainty. This API and its implementation are critical to supporting external consistency and a variety of powerful features: nonblocking reads in the past, lock-free snapshot transactions, and atomic schema changes, across all of Spanner.","pdfHash":"","sectionTitle":"abstract","isBody":false,"sentenceOffsets":[],"refMentions":[]}]},{"id":"(Taft et al., 2020)","corpusId":218981476,"snippets":["We live in an increasingly interconnected world, with many organizations operating across countries or even continents. To serve their global user base, organizations are replacing their legacy DBMSs with cloud-based systems capable of scaling OLTP workloads to millions of users. CockroachDB is a scalable SQL DBMS that was built from the ground up to support these global OLTP workloads while maintaining high availability and strong consistency. Just like its namesake, CockroachDB is resilient to disasters through replication and automatic recovery mechanisms. This paper presents the design of CockroachDB and its novel transaction model that supports consistent geo-distributed transactions on commodity hardware. We describe how CockroachDB replicates and distributes data to achieve fault tolerance and high performance, as well as how its distributed SQL layer automatically scales with the size of the database cluster while providing the standard SQL interface that users expect. Finally, we present a comprehensive performance evaluation and share a couple of case studies of CockroachDB users. We conclude by describing lessons learned while building CockroachDB over the last five years."],"paper":{"corpusId":218981476,"title":"CockroachDB: The Resilient Geo-Distributed SQL Database","year":2020,"venue":"SIGMOD Conference","authors":[{"name":"Rebecca Taft","authorId":"37773490"},{"name":"Irfan Sharif","authorId":"114126747"},{"name":"Andrei Matei","authorId":"2072298170"},{"name":"Nathan VanBenschoten","authorId":"1726032973"},{"name":"J. Lewis","authorId":"2116322159"},{"name":"T. Grieger","authorId":"1726032976"},{"name":"K. Niemi","authorId":"2074730549"},{"name":"Andy Woods","authorId":"2059483513"},{"name":"Anne Birzin","authorId":"1726069592"},{"name":"R. Poss","authorId":"39887806"},{"name":"Paul Bardea","authorId":"1404359672"},{"name":"A. Ranade","authorId":"21195165"},{"name":"B. Darnell","authorId":"51175385"},{"name":"Bram Gruneir","authorId":"70569826"},{"name":"Justin Jaffray","authorId":"1725991450"},{"name":"Lucy Zhang","authorId":"2156146248"},{"name":"Peter Mattis","authorId":"103812896"}],"nCitations":206},"snippetMetadata":[{"quote":"We live in an increasingly interconnected world, with many organizations operating across countries or even continents. To serve their global user base, organizations are replacing their legacy DBMSs with cloud-based systems capable of scaling OLTP workloads to millions of users. CockroachDB is a scalable SQL DBMS that was built from the ground up to support these global OLTP workloads while maintaining high availability and strong consistency. Just like its namesake, CockroachDB is resilient to disasters through replication and automatic recovery mechanisms. This paper presents the design of CockroachDB and its novel transaction model that supports consistent geo-distributed transactions on commodity hardware. We describe how CockroachDB replicates and distributes data to achieve fault tolerance and high performance, as well as how its distributed SQL layer automatically scales with the size of the database cluster while providing the standard SQL interface that users expect. Finally, we present a comprehensive performance evaluation and share a couple of case studies of CockroachDB users. We conclude by describing lessons learned while building CockroachDB over the last five years.","pdfHash":"","sectionTitle":"abstract","isBody":false,"sentenceOffsets":[],"refMentions":[]}]},{"id":"(Zeng et al., 2024)","corpusId":268987400,"snippets":["In the classic shared-nothing [23] architecture, a database cluster consists of an arbitrary number of nodes, located in the same data center or not. Clients are assumed to be able to connect to any node in the cluster. Individual nodes typically have a tiered architecture designed to optimize distributed data storage and transaction processing. Depending on the specific database implementation, tiering is not strictly defined or limited, but usually includes an SQL layer and a distributed storage layer",".The distributed storage layer slices the data using a range partitioning policy and is responsible for routing addressing of the slices to provide uniform KV storage. The data are ordered and automatically partitioned into small slices (called ranges or regions), with each slice containing a segment of contiguous key-value pairs. Tuples of tables are mapped into one or several key-value pairs, typically the key consists of its table ID and the primary key column, while the value is the actual row data",".Each slice has multiple replicas, and the replicas are replicated and maintained via a consistent consensus protocol (e.g., raft [17] or paxos [14]). Data of a certain table may be distributed on different nodes of the cluster according to range, and the system automatically performs load balancing and failover of the replicas to ensure high availability of the cluster."],"paper":{"corpusId":268987400,"title":"SLSM : An Efficient Strategy for Lazy Schema Migration on Shared-Nothing Databases","year":2024,"venue":"International Conference on Database Systems for Advanced Applications","authors":[{"name":"Zhilin Zeng","authorId":"2295683852"},{"name":"Hui Li","authorId":"2171004466"},{"name":"Xiyue Gao","authorId":"2261887062"},{"name":"Hui Zhang","authorId":"2295626189"},{"name":"Huiquan Zhang","authorId":"2295595630"},{"name":"Jiangtao Cui","authorId":"2284490819"}],"nCitations":0},"snippetMetadata":[{"quote":"In the classic shared-nothing [23] architecture, a database cluster consists of an arbitrary number of nodes, located in the same data center or not. Clients are assumed to be able to connect to any node in the cluster. Individual nodes typically have a tiered architecture designed to optimize distributed data storage and transaction processing. Depending on the specific database implementation, tiering is not strictly defined or limited, but usually includes an SQL layer and a distributed storage layer","pdfHash":"ea684740ae407068311d9cfa2b37ffcdd112d73d","sectionTitle":"Architecture for shared-nothing databases","isBody":true,"sentenceOffsets":[{"start":0,"end":149,"boundingBoxes":[{"h":8.8,"w":345.8,"top":428.9,"left":134.8,"page":4},{"h":8.8,"w":311.7,"top":440.9,"left":134.8,"page":4}]},{"start":149,"end":218,"boundingBoxes":[{"h":8.8,"w":269.8,"top":452.8,"left":134.8,"page":4},{"h":8.8,"w":30.2,"top":440.9,"left":450.4,"page":4}]},{"start":218,"end":345,"boundingBoxes":[{"h":8.8,"w":345.8,"top":464.8,"left":134.8,"page":4},{"h":8.8,"w":117.9,"top":476.7,"left":134.8,"page":4},{"h":8.8,"w":72.5,"top":452.8,"left":408.1,"page":4}]},{"start":345,"end":506,"boundingBoxes":[{"h":8.8,"w":345.8,"top":488.7,"left":134.8,"page":4},{"h":8.8,"w":117.2,"top":500.6,"left":134.8,"page":4},{"h":8.8,"w":225.1,"top":476.7,"left":255.5,"page":4}]},{"start":508,"end":652,"boundingBoxes":[{"h":8.8,"w":280,"top":524.5,"left":134.8,"page":4},{"h":8.8,"w":330.9,"top":512.6,"left":149.7,"page":4}]}],"refMentions":[260427782]},{"quote":".The distributed storage layer slices the data using a range partitioning policy and is responsible for routing addressing of the slices to provide uniform KV storage. The data are ordered and automatically partitioned into small slices (called ranges or regions), with each slice containing a segment of contiguous key-value pairs. Tuples of tables are mapped into one or several key-value pairs, typically the key consists of its table ID and the primary key column, while the value is the actual row data","pdfHash":"ea684740ae407068311d9cfa2b37ffcdd112d73d","sectionTitle":"Architecture for shared-nothing databases","isBody":true,"sentenceOffsets":[{"start":652,"end":860,"boundingBoxes":[{"h":8.8,"w":345.8,"top":536.5,"left":134.8,"page":4},{"h":8.8,"w":345.8,"top":548.5,"left":134.8,"page":4},{"h":8.8,"w":146.5,"top":560.4,"left":134.8,"page":4},{"h":8.8,"w":63,"top":524.5,"left":417.6,"page":4}]},{"start":862,"end":1028,"boundingBoxes":[{"h":8.8,"w":345.8,"top":584.3,"left":134.8,"page":4},{"h":8.8,"w":33.8,"top":596.3,"left":134.8,"page":4},{"h":8.8,"w":330.9,"top":572.4,"left":149.7,"page":4}]},{"start":1028,"end":1192,"boundingBoxes":[{"h":8.8,"w":345.8,"top":608.2,"left":134.8,"page":4},{"h":8.8,"w":67.4,"top":620.2,"left":134.8,"page":4},{"h":8.8,"w":307.6,"top":596.3,"left":173,"page":4}]},{"start":1192,"end":1367,"boundingBoxes":[{"h":8.8,"w":345.8,"top":632.2,"left":134.8,"page":4},{"h":8.8,"w":120.9,"top":644.1,"left":134.8,"page":4},{"h":8.8,"w":275.4,"top":620.2,"left":205.2,"page":4}]}],"refMentions":[]},{"quote":".Each slice has multiple replicas, and the replicas are replicated and maintained via a consistent consensus protocol (e.g., raft [17] or paxos [14]). Data of a certain table may be distributed on different nodes of the cluster according to range, and the system automatically performs load balancing and failover of the replicas to ensure high availability of the cluster.","pdfHash":"ea684740ae407068311d9cfa2b37ffcdd112d73d","sectionTitle":"Architecture for shared-nothing databases","isBody":true,"sentenceOffsets":[{"start":1192,"end":1367,"boundingBoxes":[{"h":8.8,"w":345.8,"top":632.2,"left":134.8,"page":4},{"h":8.8,"w":120.9,"top":644.1,"left":134.8,"page":4},{"h":8.8,"w":275.4,"top":620.2,"left":205.2,"page":4}]},{"start":1367,"end":1471,"boundingBoxes":[{"h":8.8,"w":238.7,"top":656.1,"left":134.8,"page":4},{"h":8.8,"w":222.2,"top":644.1,"left":258.4,"page":4}]},{"start":1473,"end":1622,"boundingBoxes":[{"h":8.8,"w":310,"top":143.1,"left":134.8,"page":5},{"h":8.8,"w":330.9,"top":131.2,"left":149.7,"page":5}]}],"refMentions":[]}]},{"id":"(Margara et al., 2022)","corpusId":247595380,"snippets":["CockroachDB (Taft et al., 2020) is a relational database for wide-area deployments","It replicates data across nodes, ensuring strong consistency through Raft consensus. On top of this, it partitions data with transactional semantics: it uses an isolation mechanism based on hybrid physical and logical clocks (similar to Spanner) but integrates it with an optimistic protocol that, in the case of conflicts, attempts to modify the timestamp of a job to a valid one rather than reexecuting the entire job","Interestingly, CockroachDB also enables users to configure data placement across data centers. For instance, a table can be partitioned across a Region column to ensure that all data about one region is stored within a single data center. This may improve access time from local client and enforce privacy regulations."],"paper":{"corpusId":247595380,"title":"A Model and Survey of Distributed Data-Intensive Systems","year":2022,"venue":"ACM Computing Surveys","authors":[{"name":"Alessandro Margara","authorId":"2866882"},{"name":"G. Cugola","authorId":"3292643"},{"name":"Nicolò Felicioni","authorId":"1965902743"},{"name":"Stefano Cilloni","authorId":"2159547615"}],"nCitations":17},"snippetMetadata":[{"quote":"CockroachDB (Taft et al., 2020) is a relational database for wide-area deployments","pdfHash":"5727d4da8cc5a156d9be2b27ed780703265536a2","sectionTitle":"B.2 NewSQL Systems","isBody":true,"sentenceOffsets":[],"refMentions":[218981476]},{"quote":"It replicates data across nodes, ensuring strong consistency through Raft consensus. On top of this, it partitions data with transactional semantics: it uses an isolation mechanism based on hybrid physical and logical clocks (similar to Spanner) but integrates it with an optimistic protocol that, in the case of conflicts, attempts to modify the timestamp of a job to a valid one rather than reexecuting the entire job","pdfHash":"5727d4da8cc5a156d9be2b27ed780703265536a2","sectionTitle":"B.2 NewSQL Systems","isBody":true,"sentenceOffsets":[],"refMentions":[]},{"quote":"Interestingly, CockroachDB also enables users to configure data placement across data centers. For instance, a table can be partitioned across a Region column to ensure that all data about one region is stored within a single data center. This may improve access time from local client and enforce privacy regulations.","pdfHash":"5727d4da8cc5a156d9be2b27ed780703265536a2","sectionTitle":"B.2 NewSQL Systems","isBody":true,"sentenceOffsets":[],"refMentions":[]}]},{"id":"(Li et al., 2025)","corpusId":277502031,"snippets":["In YugabyteDB, alongside a distributed storage layer (e.g., TiKV) and a computation SQL engine layer, there is a Placement Driver (PD) serving as a timestamp oracle","YugabyteDB's distributed transaction architecture is inspired by Google Spanner [44], [45]. Different from Spanner, YugabyteDB uses HLCs instead of atomic clocks. \n\nEach write transaction is also assigned a commit hybrid timestamp. Every read request in YugabyteDB is assigned a hybrid time, namely the read hybrid timestamp, denoted ht read."],"paper":{"corpusId":277502031,"title":"Online Timestamp-based Transactional Isolation Checking of Database Systems (Extended Version)","year":2025,"venue":"","authors":[{"name":"Hexu Li","authorId":"2353659307"},{"name":"Hengfeng Wei","authorId":"2294609531"},{"name":"Hongrong Ouyang","authorId":"2120207528"},{"name":"Yuxing Chen","authorId":"2244220012"},{"name":"Na Yang","authorId":"2353906919"},{"name":"Ruohao Zhang","authorId":"2353315641"},{"name":"Anqun Pan","authorId":"40898641"}],"nCitations":0},"snippetMetadata":[{"quote":"In YugabyteDB, alongside a distributed storage layer (e.g., TiKV) and a computation SQL engine layer, there is a Placement Driver (PD) serving as a timestamp oracle","pdfHash":"","sectionTitle":"","isBody":true,"sentenceOffsets":[],"refMentions":[]},{"quote":"YugabyteDB's distributed transaction architecture is inspired by Google Spanner [44], [45]. Different from Spanner, YugabyteDB uses HLCs instead of atomic clocks. \n\nEach write transaction is also assigned a commit hybrid timestamp. Every read request in YugabyteDB is assigned a hybrid time, namely the read hybrid timestamp, denoted ht read.","pdfHash":"870f521aed330ecf5c9c704ad63785bce0c0915e","sectionTitle":"B. Timestamp-based SI Implementations","isBody":true,"sentenceOffsets":[{"start":1138,"end":1255,"boundingBoxes":[{"h":10.7,"w":251.1,"top":661.2,"left":49,"page":14},{"h":10.7,"w":65.7,"top":673.1,"left":49,"page":14},{"h":8.6,"w":120,"top":650.2,"left":180,"page":14}]},{"start":1256,"end":1271,"boundingBoxes":[{"h":10.7,"w":59.3,"top":673.1,"left":120.6,"page":14}]},{"start":1272,"end":1294,"boundingBoxes":[{"h":10.7,"w":87,"top":673.1,"left":185.9,"page":14}]},{"start":1295,"end":1310,"boundingBoxes":[{"h":10.7,"w":32.8,"top":685.1,"left":49,"page":14},{"h":10,"w":21.2,"top":673.1,"left":278.8,"page":14}]},{"start":1311,"end":1419,"boundingBoxes":[{"h":10.7,"w":225.5,"top":697,"left":49,"page":14},{"h":10.7,"w":212.4,"top":685.1,"left":87.7,"page":14}]},{"start":1420,"end":1436,"boundingBoxes":[{"h":10.7,"w":44.6,"top":709,"left":49,"page":14},{"h":10,"w":19.6,"top":697,"left":280.4,"page":14}]},{"start":1437,"end":1440,"boundingBoxes":[{"h":8.7,"w":10.7,"top":709.6,"left":99.5,"page":14}]},{"start":1441,"end":1531,"boundingBoxes":[{"h":8.6,"w":173.6,"top":350.5,"left":312,"page":14},{"h":8.8,"w":241.1,"top":338.4,"left":321.9,"page":14}]},{"start":1534,"end":1640,"boundingBoxes":[{"h":8.6,"w":211.5,"top":374.7,"left":312,"page":14},{"h":8.8,"w":241.1,"top":362.5,"left":321.9,"page":14}]}],"refMentions":[]}]}],"format":"synthesis"},{"id":"section1","title":"Impact of Horizontal Sharding on Transaction Latency","tldr":"Horizontal sharding in distributed SQL databases introduces significant transaction latency challenges, particularly for cross-shard transactions that require multiple network round trips across geographically dispersed nodes. This latency impact scales with distance between nodes and becomes especially pronounced in geo-distributed deployments where communication must cross regional boundaries. (5 sources)","text":"\nWhile horizontal sharding is essential for scalability in distributed databases like CockroachDB and YugabyteDB, it introduces considerable overhead for transaction processing. These databases partition data across multiple nodes to handle large-scale workloads, but this partitioning \"comes at the cost of requiring distributed transaction processing, where a transaction must be executed and committed through rounds of communication with multiple nodes\" <Paper corpusId=\"268513302\" paperTitle=\"(Zheng et al., 2024)\" isShortName></Paper> <Paper corpusId=\"11835733\" paperTitle=\"(Harding et al., 2017)\" isShortName></Paper>. The network communication overhead involved in coordinating transactions across separate nodes is substantial, leading to the commonly accepted notion that \"distributed transactions are slow\" <Paper corpusId=\"268513302\" paperTitle=\"(Zheng et al., 2024)\" isShortName></Paper> <Paper corpusId=\"11835733\" paperTitle=\"(Harding et al., 2017)\" isShortName></Paper>.\n\nThe latency impact becomes significantly more pronounced in geo-distributed deployments. When \"data shards and their respective replicas are deployed in distinct datacenters across multiple regions,\" transaction processing requires \"multiple cross-region communications, especially during the commit phase, which can significantly impact system performance\" <Paper corpusId=\"265609363\" paperTitle=\"(Zhang et al., 2023)\" isShortName></Paper>. The physical distance between nodes introduces unavoidable network delays that directly affect end-to-end transaction latency.\n\nCommercial geo-distributed databases, including CockroachDB, typically construct their transaction layer using two-phase commit (2PC) protocols alongside consensus mechanisms like Raft. This approach requires coordination at multiple levels: \"the transaction layer necessitates 2PC coordination for commit decisions, while consensus protocols require coordination for maintaining consistent transaction order among replicas\" <Paper corpusId=\"265609363\" paperTitle=\"(Zhang et al., 2023)\" isShortName></Paper>. This \"over-coordination\" adds substantial overhead to transaction processing.\n\nThe performance impact of network conditions on sharded deployments can be dramatic. Studies show that network disruptions between nodes can \"almost linearly decrease the overall performance of the CockroachDB cluster with an average latency increase of 43.7%\" <Paper corpusId=\"269214283\" paperTitle=\"(Sheldon et al., 2024)\" isShortName></Paper>. This highlights how sensitive distributed databases are to network conditions between shards.\n\nProperly implemented sharding can improve scalability by allowing \"each shard to be processed independently across different nodes in the network,\" enabling concurrent processing that can potentially \"reduce latency and improve the system's overall efficiency\" <Paper corpusId=\"272068323\" paperTitle=\"(Alshudukhi et al., 2024)\" isShortName></Paper>. However, this benefit is primarily realized for transactions that can be contained within a single shard, while cross-shard transactions continue to face significant latency challenges.","citations":[{"id":"(Zheng et al., 2024)","corpusId":268513302,"snippets":["Modern distributed databases, with representative examples including Spanner (Corbett et al., 2012), CockroachDB (Taft et al., 2020), TiDB [3], are essential to today's large-scale online applications.These databases horizontally partition data across several nodes to improve scalability.However, data partition comes at the cost of requiring distributed transaction processing, where a transaction must be executed and committed through rounds of communication with multiple nodes.As the involved network overhead is non-negligible, it is commonly accepted that distributed transactions are slow (Harding et al., 2017)."],"paper":{"corpusId":268513302,"title":"Lion: Minimizing Distributed Transactions Through Adaptive Replica Provision","year":2024,"venue":"IEEE International Conference on Data Engineering","authors":[{"name":"Qiushi Zheng","authorId":"2292407074"},{"name":"Zhanhao Zhao","authorId":"3439062"},{"name":"Wei Lu","authorId":"2265615839"},{"name":"Chang Yao","authorId":"2292210822"},{"name":"Yuxing Chen","authorId":"2244220012"},{"name":"Anqun Pan","authorId":"40898641"},{"name":"Xiaoyong Du","authorId":"2243945891"}],"nCitations":2},"snippetMetadata":[{"quote":"Modern distributed databases, with representative examples including Spanner (Corbett et al., 2012), CockroachDB (Taft et al., 2020), TiDB [3], are essential to today's large-scale online applications.These databases horizontally partition data across several nodes to improve scalability.However, data partition comes at the cost of requiring distributed transaction processing, where a transaction must be executed and committed through rounds of communication with multiple nodes.As the involved network overhead is non-negligible, it is commonly accepted that distributed transactions are slow (Harding et al., 2017).","pdfHash":"b2db407974f2cd0a3b07adfae68e40a66dc0dbbd","sectionTitle":"I. INTRODUCTION","isBody":true,"sentenceOffsets":[{"start":0,"end":166,"boundingBoxes":[{"h":8.6,"w":251.1,"top":578.2,"left":49,"page":1},{"h":8.6,"w":223.6,"top":590.1,"left":49,"page":1},{"h":8.6,"w":241.1,"top":566.2,"left":58.9,"page":1}]},{"start":166,"end":254,"boundingBoxes":[{"h":8.6,"w":251.1,"top":602.1,"left":49,"page":1},{"h":8.6,"w":81.7,"top":614,"left":49,"page":1},{"h":8.6,"w":23.8,"top":590.1,"left":276.2,"page":1}]},{"start":254,"end":448,"boundingBoxes":[{"h":8.6,"w":251.1,"top":626,"left":49,"page":1},{"h":8.6,"w":251.1,"top":637.9,"left":49,"page":1},{"h":8.6,"w":148.3,"top":649.9,"left":49,"page":1},{"h":8.6,"w":163.3,"top":614,"left":136.7,"page":1}]},{"start":448,"end":567,"boundingBoxes":[{"h":8.6,"w":251.1,"top":661.8,"left":49,"page":1},{"h":8.6,"w":148.8,"top":673.8,"left":49,"page":1},{"h":8.6,"w":99.6,"top":649.9,"left":200.5,"page":1}]}],"refMentions":[1221800,218981476,11835733]}]},{"id":"(Harding et al., 2017)","corpusId":11835733,"snippets":["Please click on the paper title to read the abstract on Semantic Scholar."],"paper":{"corpusId":11835733,"title":"An Evaluation of Distributed Concurrency Control","year":2017,"venue":"Proceedings of the VLDB Endowment","authors":[{"name":"R. Harding","authorId":"39252849"},{"name":"Dana Van Aken","authorId":"40270373"},{"name":"Andrew Pavlo","authorId":"1774210"},{"name":"M. Stonebraker","authorId":"145345023"}],"nCitations":114},"snippetMetadata":[{"quote":"Please click on the paper title to read the abstract on Semantic Scholar.","pdfHash":"","sectionTitle":"abstract","isBody":false,"sentenceOffsets":[],"refMentions":[]}]},{"id":"(Zhang et al., 2023)","corpusId":265609363,"snippets":["In a geo-distributed database, data shards and their respective replicas are deployed in distinct datacenters across multiple regions, enabling regional-level disaster recovery and the ability to serve global users locally. However, transaction processing in geo-distributed databases requires multiple cross-region communications, especially during the commit phase, which can significantly impact system performance.\n\nSeveral recent research works [11,24,29,[39][40][41] have proposed tightly integrating consensus protocols and commit protocols to minimize the number of network round trips needed for transaction commitment. This integration aims to reduce latency by allowing all replicas to process transactions concurrently, in contrast to the layered architecture that relies on the leader for transaction processing. In non-conflict scenarios, these approaches typically require only a single network round trip to commit a transaction, resulting in significantly reduced latency.\n\nMany commercial geo-distributed databases, including Spanner [4,5], CockroachDB [35], and TiDB [19], construct their transaction layer, encompassing the 2PC protocol and concurrency control protocol, atop leader-based consensus protocols. In layered architecture, the transaction layer necessitates 2PC coordination for commit decisions, while consensus protocols require coordination for maintaining consistent transaction order among replicas. However, this over-coordination introduces significant overhead, prompting efforts to optimize it. For instance, CockroachDB introduces parallel commit to achieve single-round commit latency, but this assumes that the coordinator and shard leaders are co-located, which doesn't align with geo-distributed shard scenarios. CockroachDB also proposes future-time transactions [38] for fast reading in geo-distributed deployments, but it requires bounded clock skew and compromises write latency."],"paper":{"corpusId":265609363,"title":"Fast Commitment for Geo-Distributed Transactions via Decentralized Co-coordinators","year":2023,"venue":"Proceedings of the VLDB Endowment","authors":[{"name":"Zihao Zhang","authorId":"2269463626"},{"name":"Huiqi Hu","authorId":"1802748"},{"name":"Xuan Zhou","authorId":"2304955197"},{"name":"Yaofeng Tu","authorId":"2269463835"},{"name":"Weining Qian","authorId":"2172016"},{"name":"Aoying Zhou","authorId":"2240544813"}],"nCitations":1},"snippetMetadata":[{"quote":"In a geo-distributed database, data shards and their respective replicas are deployed in distinct datacenters across multiple regions, enabling regional-level disaster recovery and the ability to serve global users locally. However, transaction processing in geo-distributed databases requires multiple cross-region communications, especially during the commit phase, which can significantly impact system performance.\n\nSeveral recent research works [11,24,29,[39][40][41] have proposed tightly integrating consensus protocols and commit protocols to minimize the number of network round trips needed for transaction commitment. This integration aims to reduce latency by allowing all replicas to process transactions concurrently, in contrast to the layered architecture that relies on the leader for transaction processing. In non-conflict scenarios, these approaches typically require only a single network round trip to commit a transaction, resulting in significantly reduced latency.\n\nMany commercial geo-distributed databases, including Spanner [4,5], CockroachDB [35], and TiDB [19], construct their transaction layer, encompassing the 2PC protocol and concurrency control protocol, atop leader-based consensus protocols. In layered architecture, the transaction layer necessitates 2PC coordination for commit decisions, while consensus protocols require coordination for maintaining consistent transaction order among replicas. However, this over-coordination introduces significant overhead, prompting efforts to optimize it. For instance, CockroachDB introduces parallel commit to achieve single-round commit latency, but this assumes that the coordinator and shard leaders are co-located, which doesn't align with geo-distributed shard scenarios. CockroachDB also proposes future-time transactions [38] for fast reading in geo-distributed deployments, but it requires bounded clock skew and compromises write latency.","pdfHash":"","sectionTitle":"","isBody":true,"sentenceOffsets":[],"refMentions":[]}]},{"id":"(Sheldon et al., 2024)","corpusId":269214283,"snippets":["In the first configuration, 5 nodes are assigned to the underwater server and the on-land server, respectively. In the second configuration, only 3 nodes are assigned to the underwater server, while in the third configuration, 7 nodes are assigned to the underwater server","The results show that the performance degradation of Cock-roachDB [23] increases regardless of the number of data nodes. Even if fewer nodes are allocated to the underwater server, acoustic injection can almost linearly decrease the overall performance of the CockroachDB cluster with an average latency increase of 43.7%."],"paper":{"corpusId":269214283,"title":"AquaSonic: Acoustic Manipulation of Underwater Data Center Operations and Resource Management","year":2024,"venue":"IEEE Symposium on Security and Privacy","authors":[{"name":"Jennifer Sheldon","authorId":"2029350233"},{"name":"Weidong Zhu","authorId":"2297328929"},{"name":"Adnan Abdullah","authorId":"2221579642"},{"name":"Sri Hrushikesh Varma Bhupathiraju","authorId":"2211391592"},{"name":"Takeshi Sugawara","authorId":"2106094350"},{"name":"Kevin R. B. Butler","authorId":"2297186870"},{"name":"Md Jahidul Islam","authorId":"2297737955"},{"name":"Sara Rampazzi","authorId":"2243149200"}],"nCitations":0},"snippetMetadata":[{"quote":"In the first configuration, 5 nodes are assigned to the underwater server and the on-land server, respectively. In the second configuration, only 3 nodes are assigned to the underwater server, while in the third configuration, 7 nodes are assigned to the underwater server","pdfHash":"71edd7793e43338120abb47b37a8a8444ff406ec","sectionTitle":"Latency Control on Distributed Databases","isBody":true,"sentenceOffsets":[{"start":841,"end":1060,"boundingBoxes":[{"h":8.7,"w":243,"top":333.8,"left":54,"page":9},{"h":8.7,"w":243,"top":345,"left":54,"page":9},{"h":8.7,"w":243,"top":356.2,"left":54,"page":9},{"h":8.7,"w":50.3,"top":367.4,"left":54,"page":9},{"h":8.7,"w":144.9,"top":322.6,"left":152.1,"page":9}]},{"start":1060,"end":1120,"boundingBoxes":[{"h":8.7,"w":50.5,"top":378.6,"left":54,"page":9},{"h":8.7,"w":189.8,"top":367.4,"left":107.2,"page":9}]},{"start":1120,"end":1231,"boundingBoxes":[{"h":8.7,"w":243,"top":389.8,"left":54,"page":9},{"h":8.7,"w":189.3,"top":378.6,"left":107.7,"page":9}]}],"refMentions":[]},{"quote":"The results show that the performance degradation of Cock-roachDB [23] increases regardless of the number of data nodes. Even if fewer nodes are allocated to the underwater server, acoustic injection can almost linearly decrease the overall performance of the CockroachDB cluster with an average latency increase of 43.7%.","pdfHash":"71edd7793e43338120abb47b37a8a8444ff406ec","sectionTitle":"Latency Control on Distributed Databases","isBody":true,"sentenceOffsets":[{"start":1593,"end":1809,"boundingBoxes":[{"h":8.7,"w":243,"top":483.2,"left":54,"page":9},{"h":8.7,"w":243,"top":494.4,"left":54,"page":9},{"h":8.7,"w":243,"top":505.6,"left":54,"page":9},{"h":8.7,"w":130.6,"top":516.8,"left":54,"page":9},{"h":8.7,"w":57.4,"top":472,"left":239.6,"page":9}]},{"start":1809,"end":1927,"boundingBoxes":[{"h":8.7,"w":243,"top":528,"left":54,"page":9},{"h":8.7,"w":126.5,"top":539.2,"left":54,"page":9},{"h":8.7,"w":109.6,"top":516.8,"left":187.4,"page":9}]},{"start":1929,"end":1954,"boundingBoxes":[{"h":9,"w":117.5,"top":553.8,"left":54,"page":9}]},{"start":1954,"end":2031,"boundingBoxes":[{"h":8.7,"w":222.2,"top":565.3,"left":54,"page":9},{"h":8.7,"w":120.3,"top":554.2,"left":176.7,"page":9}]}],"refMentions":[]}]},{"id":"(Alshudukhi et al., 2024)","corpusId":272068323,"snippets":["Sharding is a database partitioning technique that could be applied to our framework to improve its scalability. By dividing the entire dataset into smaller, more manageable pieces (shards), each shard can be processed independently across different nodes in the network. For example, patient records could be divided geographically or by medical specialty, ensuring that no single node is overwhelmed with data processing tasks. In the context of emergency healthcare, this would mean that patient data related to different regions or conditions could be processed concurrently, reducing latency and improving the system's overall efficiency."],"paper":{"corpusId":272068323,"title":"Blockchain-Enabled Federated Learning for Longitudinal Emergency Care","year":2024,"venue":"IEEE Access","authors":[{"name":"Khulud Salem Alshudukhi","authorId":"2204992074"},{"name":"Farzeen Ashfaq","authorId":"2183969298"},{"name":"N. Jhanjhi","authorId":"2283808392"},{"name":"M. Humayun","authorId":"40219178"}],"nCitations":0},"snippetMetadata":[{"quote":"Sharding is a database partitioning technique that could be applied to our framework to improve its scalability. By dividing the entire dataset into smaller, more manageable pieces (shards), each shard can be processed independently across different nodes in the network. For example, patient records could be divided geographically or by medical specialty, ensuring that no single node is overwhelmed with data processing tasks. In the context of emergency healthcare, this would mean that patient data related to different regions or conditions could be processed concurrently, reducing latency and improving the system's overall efficiency.","pdfHash":"c7fd4de089645d11c26467181decb4c551e44fa9","sectionTitle":"1) SHARDING FOR SCALABILITY","isBody":true,"sentenceOffsets":[{"start":0,"end":112,"boundingBoxes":[{"h":8.9,"w":241.2,"top":568.4,"left":36.2,"page":9},{"h":8.9,"w":241.2,"top":580.4,"left":36.2,"page":9}]},{"start":113,"end":271,"boundingBoxes":[{"h":8.9,"w":241.2,"top":592.3,"left":36.2,"page":9},{"h":8.9,"w":241.2,"top":604.3,"left":36.2,"page":9},{"h":8.9,"w":154.1,"top":616.2,"left":36.2,"page":9}]},{"start":272,"end":429,"boundingBoxes":[{"h":8.9,"w":241.2,"top":628.2,"left":36.2,"page":9},{"h":8.9,"w":241.2,"top":640.1,"left":36.2,"page":9},{"h":8.9,"w":67.2,"top":652.1,"left":36.2,"page":9},{"h":8.9,"w":83.7,"top":616.2,"left":193.7,"page":9}]},{"start":430,"end":643,"boundingBoxes":[{"h":8.9,"w":241.2,"top":664,"left":36.2,"page":9},{"h":8.9,"w":241.2,"top":676,"left":36.2,"page":9},{"h":8.9,"w":185.1,"top":688,"left":36.2,"page":9},{"h":8.9,"w":171.9,"top":652.1,"left":105.4,"page":9}]}],"refMentions":[]}]}],"format":"synthesis"},{"id":"section2","title":"Challenges of Cross-Shard Transactions","tldr":"Cross-shard transactions in distributed SQL databases face significant challenges in maintaining consistency while minimizing latency across geographically distributed nodes. These transactions require complex coordination protocols that must balance performance with correctness guarantees, creating particular difficulties when data spans multiple regions. (6 sources)","text":"\nCross-shard transactions present unique challenges beyond those of regular distributed transactions. In geo-distributed database environments, these transactions must coordinate across \"data shards and their respective replicas are deployed in distinct datacenters across multiple regions,\" requiring multiple cross-region communications that \"can significantly impact system performance\" <Paper corpusId=\"265609363\" paperTitle=\"(Zhang et al., 2023)\" isShortName></Paper>. This coordination overhead becomes particularly problematic during the commit phase when all involved shards must reach consensus.\n\nThe architectural decisions in commercial distributed databases often compound these challenges. Many systems, including CockroachDB, employ a layered approach where the transaction layer (implementing two-phase commit) sits atop consensus protocols like Raft. This separation creates what some researchers characterize as \"over-coordination,\" where \"the transaction layer necessitates 2PC coordination for commit decisions, while consensus protocols require coordination for maintaining consistent transaction order among replicas\" <Paper corpusId=\"265609363\" paperTitle=\"(Zhang et al., 2023)\" isShortName></Paper>. This dual coordination requirement significantly increases latency for cross-shard transactions.\n\nTransaction execution strategies present difficult tradeoffs. While optimistic execution models can bring \"more concurrency and performance\" by allowing \"overlapping the read and write sets across transactions with weak isolation,\" they may sacrifice stronger consistency guarantees <Paper corpusId=\"258212867\" paperTitle=\"(Zhou et al., 2023)\" isShortName></Paper>. Mainstream sharded master-follower systems, including Google's Spanner <Paper corpusId=\"1221800\" paperTitle=\"(Corbett et al., 2012)\" isShortName></Paper> and CockroachDB <Paper corpusId=\"218981476\" paperTitle=\"(Taft et al., 2020)\" isShortName></Paper>, prioritize serializability, executing \"a transaction's logic as a single unit,\" which provides stronger guarantees but potentially reduces concurrent execution opportunities.\n\nSecurity considerations add another layer of complexity to cross-shard transactions. While sharding generally enhances system security by \"reducing the attack surface,\" cross-shard communications introduce new security challenges <Paper corpusId=\"273169762\" paperTitle=\"(Baageel et al., 2024)\" isShortName></Paper>. Research indicates that cross-shard communication can potentially \"offer more security compared to non-cross-shard communications\" <Paper corpusId=\"239941523\" paperTitle=\"(Yu et al., 2021)\" isShortName></Paper>, but this requires careful design and implementation.\n\nThe coordination of cross-shard transactions also necessitates robust fault tolerance mechanisms. The system must maintain overall availability even when individual shards fail, requiring \"effective management of sharding coordinating cross-shard communications, balancing workloads, and ensuring robust fault tolerance\" <Paper corpusId=\"273169762\" paperTitle=\"(Baageel et al., 2024)\" isShortName></Paper>. These requirements further complicate the design and implementation of distributed database systems that support cross-shard transactions.","citations":[{"id":"(Zhang et al., 2023)","corpusId":265609363,"snippets":["In a geo-distributed database, data shards and their respective replicas are deployed in distinct datacenters across multiple regions, enabling regional-level disaster recovery and the ability to serve global users locally. However, transaction processing in geo-distributed databases requires multiple cross-region communications, especially during the commit phase, which can significantly impact system performance.\n\nSeveral recent research works [11,24,29,[39][40][41] have proposed tightly integrating consensus protocols and commit protocols to minimize the number of network round trips needed for transaction commitment. This integration aims to reduce latency by allowing all replicas to process transactions concurrently, in contrast to the layered architecture that relies on the leader for transaction processing. In non-conflict scenarios, these approaches typically require only a single network round trip to commit a transaction, resulting in significantly reduced latency.\n\nMany commercial geo-distributed databases, including Spanner [4,5], CockroachDB [35], and TiDB [19], construct their transaction layer, encompassing the 2PC protocol and concurrency control protocol, atop leader-based consensus protocols. In layered architecture, the transaction layer necessitates 2PC coordination for commit decisions, while consensus protocols require coordination for maintaining consistent transaction order among replicas. However, this over-coordination introduces significant overhead, prompting efforts to optimize it. For instance, CockroachDB introduces parallel commit to achieve single-round commit latency, but this assumes that the coordinator and shard leaders are co-located, which doesn't align with geo-distributed shard scenarios. CockroachDB also proposes future-time transactions [38] for fast reading in geo-distributed deployments, but it requires bounded clock skew and compromises write latency."],"paper":{"corpusId":265609363,"title":"Fast Commitment for Geo-Distributed Transactions via Decentralized Co-coordinators","year":2023,"venue":"Proceedings of the VLDB Endowment","authors":[{"name":"Zihao Zhang","authorId":"2269463626"},{"name":"Huiqi Hu","authorId":"1802748"},{"name":"Xuan Zhou","authorId":"2304955197"},{"name":"Yaofeng Tu","authorId":"2269463835"},{"name":"Weining Qian","authorId":"2172016"},{"name":"Aoying Zhou","authorId":"2240544813"}],"nCitations":1},"snippetMetadata":[{"quote":"In a geo-distributed database, data shards and their respective replicas are deployed in distinct datacenters across multiple regions, enabling regional-level disaster recovery and the ability to serve global users locally. However, transaction processing in geo-distributed databases requires multiple cross-region communications, especially during the commit phase, which can significantly impact system performance.\n\nSeveral recent research works [11,24,29,[39][40][41] have proposed tightly integrating consensus protocols and commit protocols to minimize the number of network round trips needed for transaction commitment. This integration aims to reduce latency by allowing all replicas to process transactions concurrently, in contrast to the layered architecture that relies on the leader for transaction processing. In non-conflict scenarios, these approaches typically require only a single network round trip to commit a transaction, resulting in significantly reduced latency.\n\nMany commercial geo-distributed databases, including Spanner [4,5], CockroachDB [35], and TiDB [19], construct their transaction layer, encompassing the 2PC protocol and concurrency control protocol, atop leader-based consensus protocols. In layered architecture, the transaction layer necessitates 2PC coordination for commit decisions, while consensus protocols require coordination for maintaining consistent transaction order among replicas. However, this over-coordination introduces significant overhead, prompting efforts to optimize it. For instance, CockroachDB introduces parallel commit to achieve single-round commit latency, but this assumes that the coordinator and shard leaders are co-located, which doesn't align with geo-distributed shard scenarios. CockroachDB also proposes future-time transactions [38] for fast reading in geo-distributed deployments, but it requires bounded clock skew and compromises write latency.","pdfHash":"","sectionTitle":"","isBody":true,"sentenceOffsets":[],"refMentions":[]}]},{"id":"(Zhou et al., 2023)","corpusId":258212867,"snippets":["In other words, the transaction execution phase is performed asynchronously among nodes regardless of epoch concept, while the validation phase has to be performed synchronously among nodes based on the most recent snapshot. On the other hand, considering that the mainstream sharded master-follower systems [22](Corbett et al., 2012)(Taft et al., 2020) support serializability (which executes a transaction's logic as a single unit), the optimistic execution allows for overlapping the read and write sets across transactions with weak isolation and as a result brings more concurrency and performance."],"paper":{"corpusId":258212867,"title":"GeoGauss: Strongly Consistent and Light-Coordinated OLTP for Geo-Replicated SQL Database","year":2023,"venue":"Proc. ACM Manag. Data","authors":[{"name":"Weixing Zhou","authorId":"2148944468"},{"name":"Qi Peng","authorId":"2214722592"},{"name":"Zijie Zhang","authorId":"2214728199"},{"name":"Yanfeng Zhang","authorId":"40600353"},{"name":"Yang Ren","authorId":"2214744439"},{"name":"Sihao Li","authorId":"150300950"},{"name":"Guo Fu","authorId":"2065998580"},{"name":"Yulong Cui","authorId":"2214872931"},{"name":"Qian Li","authorId":"2117127510"},{"name":"Caiyi Wu","authorId":"2214758665"},{"name":"Shangjun Han","authorId":"2214727405"},{"name":"Sheng Wang","authorId":"2158505042"},{"name":"Guoliang Li","authorId":"47949377"},{"name":"Geoffrey X. Yu","authorId":"2191212297"}],"nCitations":9},"snippetMetadata":[{"quote":"In other words, the transaction execution phase is performed asynchronously among nodes regardless of epoch concept, while the validation phase has to be performed synchronously among nodes based on the most recent snapshot. On the other hand, considering that the mainstream sharded master-follower systems [22](Corbett et al., 2012)(Taft et al., 2020) support serializability (which executes a transaction's logic as a single unit), the optimistic execution allows for overlapping the read and write sets across transactions with weak isolation and as a result brings more concurrency and performance.","pdfHash":"6d57cbadc1de780e49bc9d504538c147bf9c3a17","sectionTitle":"INTRODUCTION","isBody":true,"sentenceOffsets":[{"start":0,"end":224,"boundingBoxes":[{"h":8.9,"w":394.4,"top":528.9,"left":45.8,"page":3},{"h":8.9,"w":364.4,"top":540.9,"left":45.8,"page":3},{"h":4.6,"w":174.6,"top":519,"left":265.6,"page":3}]},{"start":225,"end":568,"boundingBoxes":[{"h":4.6,"w":394.4,"top":554.9,"left":45.8,"page":3},{"h":8.9,"w":394.4,"top":564.8,"left":45.8,"page":3},{"h":4.6,"w":394.3,"top":578.8,"left":45.8,"page":3},{"h":4.6,"w":175.5,"top":590.7,"left":45.8,"page":3},{"h":4.6,"w":27.5,"top":542.9,"left":412.7,"page":3}]}],"refMentions":[1221800,218981476]}]},{"id":"(Corbett et al., 2012)","corpusId":1221800,"snippets":["Spanner is Google’s scalable, multiversion, globally distributed, and synchronously replicated database. It is the first system to distribute data at global scale and support externally-consistent distributed transactions. This article describes how Spanner is structured, its feature set, the rationale underlying various design decisions, and a novel time API that exposes clock uncertainty. This API and its implementation are critical to supporting external consistency and a variety of powerful features: nonblocking reads in the past, lock-free snapshot transactions, and atomic schema changes, across all of Spanner."],"paper":{"corpusId":1221800,"title":"Spanner: Google's Globally-Distributed Database","year":2012,"venue":"USENIX Symposium on Operating Systems Design and Implementation","authors":[{"name":"J. Corbett","authorId":"143962122"},{"name":"J. Dean","authorId":"49959210"},{"name":"Michael Epstein","authorId":"2041535246"},{"name":"A. Fikes","authorId":"3056963"},{"name":"Christopher Frost","authorId":"2064471306"},{"name":"JJ Furman","authorId":"24918521"},{"name":"Sanjay Ghemawat","authorId":"1780892"},{"name":"Andrey Gubarev","authorId":"144267830"},{"name":"Christopher Heiser","authorId":"51425828"},{"name":"Peter H. Hochschild","authorId":"143860536"},{"name":"Wilson C. Hsieh","authorId":"35087612"},{"name":"Sebastian Kanthak","authorId":"39140636"},{"name":"Eugene Kogan","authorId":"2063031994"},{"name":"Hongyi Li","authorId":"2269792978"},{"name":"Alexander Lloyd","authorId":"144348389"},{"name":"S. Melnik","authorId":"143973671"},{"name":"David Mwaura","authorId":"51345432"},{"name":"D. Nagle","authorId":"46568282"},{"name":"Sean Quinlan","authorId":"145062645"},{"name":"Rajesh Rao","authorId":"2069605776"},{"name":"Lindsay Rolig","authorId":"2269737950"},{"name":"Yasushi Saito","authorId":"153304144"},{"name":"Michal Szymaniak","authorId":"2269737812"},{"name":"Christopher Taylor","authorId":"2115490429"},{"name":"Ruth Wang","authorId":"2269833352"},{"name":"Dale Woodford","authorId":"33117667"}],"nCitations":1458},"snippetMetadata":[{"quote":"Spanner is Google’s scalable, multiversion, globally distributed, and synchronously replicated database. It is the first system to distribute data at global scale and support externally-consistent distributed transactions. This article describes how Spanner is structured, its feature set, the rationale underlying various design decisions, and a novel time API that exposes clock uncertainty. This API and its implementation are critical to supporting external consistency and a variety of powerful features: nonblocking reads in the past, lock-free snapshot transactions, and atomic schema changes, across all of Spanner.","pdfHash":"","sectionTitle":"abstract","isBody":false,"sentenceOffsets":[],"refMentions":[]}]},{"id":"(Taft et al., 2020)","corpusId":218981476,"snippets":["We live in an increasingly interconnected world, with many organizations operating across countries or even continents. To serve their global user base, organizations are replacing their legacy DBMSs with cloud-based systems capable of scaling OLTP workloads to millions of users. CockroachDB is a scalable SQL DBMS that was built from the ground up to support these global OLTP workloads while maintaining high availability and strong consistency. Just like its namesake, CockroachDB is resilient to disasters through replication and automatic recovery mechanisms. This paper presents the design of CockroachDB and its novel transaction model that supports consistent geo-distributed transactions on commodity hardware. We describe how CockroachDB replicates and distributes data to achieve fault tolerance and high performance, as well as how its distributed SQL layer automatically scales with the size of the database cluster while providing the standard SQL interface that users expect. Finally, we present a comprehensive performance evaluation and share a couple of case studies of CockroachDB users. We conclude by describing lessons learned while building CockroachDB over the last five years."],"paper":{"corpusId":218981476,"title":"CockroachDB: The Resilient Geo-Distributed SQL Database","year":2020,"venue":"SIGMOD Conference","authors":[{"name":"Rebecca Taft","authorId":"37773490"},{"name":"Irfan Sharif","authorId":"114126747"},{"name":"Andrei Matei","authorId":"2072298170"},{"name":"Nathan VanBenschoten","authorId":"1726032973"},{"name":"J. Lewis","authorId":"2116322159"},{"name":"T. Grieger","authorId":"1726032976"},{"name":"K. Niemi","authorId":"2074730549"},{"name":"Andy Woods","authorId":"2059483513"},{"name":"Anne Birzin","authorId":"1726069592"},{"name":"R. Poss","authorId":"39887806"},{"name":"Paul Bardea","authorId":"1404359672"},{"name":"A. Ranade","authorId":"21195165"},{"name":"B. Darnell","authorId":"51175385"},{"name":"Bram Gruneir","authorId":"70569826"},{"name":"Justin Jaffray","authorId":"1725991450"},{"name":"Lucy Zhang","authorId":"2156146248"},{"name":"Peter Mattis","authorId":"103812896"}],"nCitations":206},"snippetMetadata":[{"quote":"We live in an increasingly interconnected world, with many organizations operating across countries or even continents. To serve their global user base, organizations are replacing their legacy DBMSs with cloud-based systems capable of scaling OLTP workloads to millions of users. CockroachDB is a scalable SQL DBMS that was built from the ground up to support these global OLTP workloads while maintaining high availability and strong consistency. Just like its namesake, CockroachDB is resilient to disasters through replication and automatic recovery mechanisms. This paper presents the design of CockroachDB and its novel transaction model that supports consistent geo-distributed transactions on commodity hardware. We describe how CockroachDB replicates and distributes data to achieve fault tolerance and high performance, as well as how its distributed SQL layer automatically scales with the size of the database cluster while providing the standard SQL interface that users expect. Finally, we present a comprehensive performance evaluation and share a couple of case studies of CockroachDB users. We conclude by describing lessons learned while building CockroachDB over the last five years.","pdfHash":"","sectionTitle":"abstract","isBody":false,"sentenceOffsets":[],"refMentions":[]}]},{"id":"(Baageel et al., 2024)","corpusId":273169762,"snippets":["Sharding enhances the overall security of the blockchain system by reducing the attack surface. However, Yu et al. (Yu et al., 2021) have conducted a security analysis demonstrating that cross-shard communication can offer more security compared to noncross-shard communications. Nevertheless, cross-shard communication introduces the challenge of ensuring smooth interactions between shards for transactions that span multiple shards. Additionally, a robust fault tolerance policy is crucial to manage the failure of individual shards and ensure the system's overall availability. Effective management of sharding includes coordinating cross-shard communications, balancing workloads, and ensuring robust fault tolerance to maintain overall network efficiency and security."],"paper":{"corpusId":273169762,"title":"Leveraging Sharding-Based Hybrid Consensus for Blockchain","year":2024,"venue":"Computers, Materials &amp; Continua","authors":[{"name":"Hind Baageel","authorId":"2324653558"},{"name":"Md Mahfuzur Rahman","authorId":"2324850211"}],"nCitations":0},"snippetMetadata":[{"quote":"Sharding enhances the overall security of the blockchain system by reducing the attack surface. However, Yu et al. (Yu et al., 2021) have conducted a security analysis demonstrating that cross-shard communication can offer more security compared to noncross-shard communications. Nevertheless, cross-shard communication introduces the challenge of ensuring smooth interactions between shards for transactions that span multiple shards. Additionally, a robust fault tolerance policy is crucial to manage the failure of individual shards and ensure the system's overall availability. Effective management of sharding includes coordinating cross-shard communications, balancing workloads, and ensuring robust fault tolerance to maintain overall network efficiency and security.","pdfHash":"8a11574325b6c265f6ee0331f0cfa484a114f591","sectionTitle":"Introduction","isBody":true,"sentenceOffsets":[{"start":1001,"end":1106,"boundingBoxes":[{"h":9.9,"w":235.5,"top":535,"left":72.2,"page":2},{"h":9.9,"w":269.5,"top":522,"left":270.5,"page":2}]},{"start":1107,"end":1276,"boundingBoxes":[{"h":9.9,"w":467.8,"top":547.9,"left":72.2,"page":2},{"h":9.9,"w":136.1,"top":560.9,"left":72.2,"page":2},{"h":9.9,"w":228.6,"top":535,"left":311.3,"page":2}]},{"start":1277,"end":1432,"boundingBoxes":[{"h":9.9,"w":404.3,"top":573.8,"left":72.2,"page":2},{"h":9.9,"w":327.6,"top":560.9,"left":212.3,"page":2}]},{"start":1433,"end":1578,"boundingBoxes":[{"h":9.9,"w":467.8,"top":586.8,"left":72.2,"page":2},{"h":9.9,"w":125.9,"top":599.7,"left":72.2,"page":2},{"h":9.9,"w":61.1,"top":573.8,"left":478.8,"page":2}]},{"start":1579,"end":1771,"boundingBoxes":[{"h":9.9,"w":467.8,"top":612.7,"left":72.2,"page":2},{"h":9.9,"w":105.4,"top":625.6,"left":72.2,"page":2},{"h":9.9,"w":339.8,"top":599.7,"left":200.1,"page":2}]}],"refMentions":[239941523]}]},{"id":"(Yu et al., 2021)","corpusId":239941523,"snippets":["The design of sharding aims to solve the scalability challenge in a blockchain network. Typically, by splitting the whole blockchain network into smaller shards, the transaction throughput can be significantly improved. However, distributing fewer attesting nodes for transactions in a shard may cause higher security risks. This paper analyzes the security level of transaction verification in different types of shards and transactions. The analyzed result indicates that the size of shards and validating nodes number may influence the transaction security in shards. And the random distribution of attesting nodes can reduce such influence and improve the reliability of consensus in shards."],"paper":{"corpusId":239941523,"title":"Security Analysis of Sharding in the Blockchain System","year":2021,"venue":"IEEE International Symposium on Personal, Indoor and Mobile Radio Communications","authors":[{"name":"Dachao Yu","authorId":"2014488397"},{"name":"Hao Xu","authorId":"1585224922"},{"name":"Lei Zhang","authorId":"2152832571"},{"name":"Bin Cao","authorId":"2072987198"},{"name":"M. Imran","authorId":"143948770"}],"nCitations":10},"snippetMetadata":[{"quote":"The design of sharding aims to solve the scalability challenge in a blockchain network. Typically, by splitting the whole blockchain network into smaller shards, the transaction throughput can be significantly improved. However, distributing fewer attesting nodes for transactions in a shard may cause higher security risks. This paper analyzes the security level of transaction verification in different types of shards and transactions. The analyzed result indicates that the size of shards and validating nodes number may influence the transaction security in shards. And the random distribution of attesting nodes can reduce such influence and improve the reliability of consensus in shards.","pdfHash":"","sectionTitle":"abstract","isBody":false,"sentenceOffsets":[],"refMentions":[]}]}],"format":"synthesis"},{"id":"section3","title":"Mitigation Techniques and Their Effectiveness","tldr":"Distributed SQL databases employ several techniques to mitigate the latency challenges of geo-distributed deployments, including locality-aware data placement, follower reads with consistency guarantees, and dynamic transaction management approaches. These solutions aim to reduce cross-region communication while maintaining consistency guarantees needed for distributed transactions. (4 sources)","text":"\nSeveral effective techniques have emerged to mitigate the latency challenges inherent in geo-distributed SQL databases:\n\n1. **Locality-Aware Data Placement**: CockroachDB enables users to configure data placement across data centers through table partitioning based on a \"Region\" column. This ensures that related data is stored within a single data center, improving access times for local clients and helping enforce privacy regulations <Paper corpusId=\"247595380\" paperTitle=\"(Margara et al., 2022)\" isShortName></Paper> <Paper corpusId=\"218981476\" paperTitle=\"(Taft et al., 2020)\" isShortName></Paper>.\n\n2. **Follower Reads with Consistency Guarantees**: Systems like GaussDB-Global support \"reads on asynchronous replicas with strong consistency, tunable freshness guarantees, and dynamic load balancing\" <Paper corpusId=\"271407825\" paperTitle=\"(Memarzia et al., 2024)\" isShortName></Paper>. This approach allows applications to access data from nearby replicas rather than requiring communication with distant primary nodes.\n\n3. **Integrated Consensus and Commit Protocols**: Recent research has focused on tightly integrating consensus protocols with commit protocols to minimize network round trips for transaction commitment. This integration allows all replicas to process transactions concurrently, typically requiring only a single network round trip to commit transactions in non-conflict scenarios <Paper corpusId=\"265609363\" paperTitle=\"(Zhang et al., 2023)\" isShortName></Paper>.\n\n4. **Hybrid Transaction Management Approaches**: Some systems, like GaussDB-Global, implement a decentralized approach using synchronized clocks that can \"seamlessly transition between centralized and decentralized transaction management,\" providing efficient fault tolerance while simplifying deployment <Paper corpusId=\"271407825\" paperTitle=\"(Memarzia et al., 2024)\" isShortName></Paper>.\n\n5. **Optimistic Conflict Resolution**: CockroachDB employs an optimistic protocol that attempts to modify transaction timestamps in case of conflicts rather than re-executing entire jobs. This approach builds on hybrid physical and logical clocks (similar to Spanner) to provide efficient conflict resolution <Paper corpusId=\"247595380\" paperTitle=\"(Margara et al., 2022)\" isShortName></Paper>.\n\n6. **Single-Round Commit Optimizations**: Commercial systems like CockroachDB have introduced optimizations such as \"parallel commit\" to achieve single-round commit latency, though this approach assumes co-location of the coordinator and shard leaders, which doesn't always align with geo-distributed shard scenarios <Paper corpusId=\"265609363\" paperTitle=\"(Zhang et al., 2023)\" isShortName></Paper>.\n\n7. **Future-Time Transactions**: For fast reading in geo-distributed deployments, CockroachDB has proposed \"future-time transactions,\" though this approach requires bounded clock skew and trades off write latency for read performance <Paper corpusId=\"265609363\" paperTitle=\"(Zhang et al., 2023)\" isShortName></Paper>.","citations":[{"id":"(Margara et al., 2022)","corpusId":247595380,"snippets":["CockroachDB (Taft et al., 2020) is a relational database for wide-area deployments","It replicates data across nodes, ensuring strong consistency through Raft consensus. On top of this, it partitions data with transactional semantics: it uses an isolation mechanism based on hybrid physical and logical clocks (similar to Spanner) but integrates it with an optimistic protocol that, in the case of conflicts, attempts to modify the timestamp of a job to a valid one rather than reexecuting the entire job","Interestingly, CockroachDB also enables users to configure data placement across data centers. For instance, a table can be partitioned across a Region column to ensure that all data about one region is stored within a single data center. This may improve access time from local client and enforce privacy regulations."],"paper":{"corpusId":247595380,"title":"A Model and Survey of Distributed Data-Intensive Systems","year":2022,"venue":"ACM Computing Surveys","authors":[{"name":"Alessandro Margara","authorId":"2866882"},{"name":"G. Cugola","authorId":"3292643"},{"name":"Nicolò Felicioni","authorId":"1965902743"},{"name":"Stefano Cilloni","authorId":"2159547615"}],"nCitations":17},"snippetMetadata":[{"quote":"CockroachDB (Taft et al., 2020) is a relational database for wide-area deployments","pdfHash":"5727d4da8cc5a156d9be2b27ed780703265536a2","sectionTitle":"B.2 NewSQL Systems","isBody":true,"sentenceOffsets":[],"refMentions":[218981476]},{"quote":"It replicates data across nodes, ensuring strong consistency through Raft consensus. On top of this, it partitions data with transactional semantics: it uses an isolation mechanism based on hybrid physical and logical clocks (similar to Spanner) but integrates it with an optimistic protocol that, in the case of conflicts, attempts to modify the timestamp of a job to a valid one rather than reexecuting the entire job","pdfHash":"5727d4da8cc5a156d9be2b27ed780703265536a2","sectionTitle":"B.2 NewSQL Systems","isBody":true,"sentenceOffsets":[],"refMentions":[]},{"quote":"Interestingly, CockroachDB also enables users to configure data placement across data centers. For instance, a table can be partitioned across a Region column to ensure that all data about one region is stored within a single data center. This may improve access time from local client and enforce privacy regulations.","pdfHash":"5727d4da8cc5a156d9be2b27ed780703265536a2","sectionTitle":"B.2 NewSQL Systems","isBody":true,"sentenceOffsets":[],"refMentions":[]}]},{"id":"(Taft et al., 2020)","corpusId":218981476,"snippets":["We live in an increasingly interconnected world, with many organizations operating across countries or even continents. To serve their global user base, organizations are replacing their legacy DBMSs with cloud-based systems capable of scaling OLTP workloads to millions of users. CockroachDB is a scalable SQL DBMS that was built from the ground up to support these global OLTP workloads while maintaining high availability and strong consistency. Just like its namesake, CockroachDB is resilient to disasters through replication and automatic recovery mechanisms. This paper presents the design of CockroachDB and its novel transaction model that supports consistent geo-distributed transactions on commodity hardware. We describe how CockroachDB replicates and distributes data to achieve fault tolerance and high performance, as well as how its distributed SQL layer automatically scales with the size of the database cluster while providing the standard SQL interface that users expect. Finally, we present a comprehensive performance evaluation and share a couple of case studies of CockroachDB users. We conclude by describing lessons learned while building CockroachDB over the last five years."],"paper":{"corpusId":218981476,"title":"CockroachDB: The Resilient Geo-Distributed SQL Database","year":2020,"venue":"SIGMOD Conference","authors":[{"name":"Rebecca Taft","authorId":"37773490"},{"name":"Irfan Sharif","authorId":"114126747"},{"name":"Andrei Matei","authorId":"2072298170"},{"name":"Nathan VanBenschoten","authorId":"1726032973"},{"name":"J. Lewis","authorId":"2116322159"},{"name":"T. Grieger","authorId":"1726032976"},{"name":"K. Niemi","authorId":"2074730549"},{"name":"Andy Woods","authorId":"2059483513"},{"name":"Anne Birzin","authorId":"1726069592"},{"name":"R. Poss","authorId":"39887806"},{"name":"Paul Bardea","authorId":"1404359672"},{"name":"A. Ranade","authorId":"21195165"},{"name":"B. Darnell","authorId":"51175385"},{"name":"Bram Gruneir","authorId":"70569826"},{"name":"Justin Jaffray","authorId":"1725991450"},{"name":"Lucy Zhang","authorId":"2156146248"},{"name":"Peter Mattis","authorId":"103812896"}],"nCitations":206},"snippetMetadata":[{"quote":"We live in an increasingly interconnected world, with many organizations operating across countries or even continents. To serve their global user base, organizations are replacing their legacy DBMSs with cloud-based systems capable of scaling OLTP workloads to millions of users. CockroachDB is a scalable SQL DBMS that was built from the ground up to support these global OLTP workloads while maintaining high availability and strong consistency. Just like its namesake, CockroachDB is resilient to disasters through replication and automatic recovery mechanisms. This paper presents the design of CockroachDB and its novel transaction model that supports consistent geo-distributed transactions on commodity hardware. We describe how CockroachDB replicates and distributes data to achieve fault tolerance and high performance, as well as how its distributed SQL layer automatically scales with the size of the database cluster while providing the standard SQL interface that users expect. Finally, we present a comprehensive performance evaluation and share a couple of case studies of CockroachDB users. We conclude by describing lessons learned while building CockroachDB over the last five years.","pdfHash":"","sectionTitle":"abstract","isBody":false,"sentenceOffsets":[],"refMentions":[]}]},{"id":"(Memarzia et al., 2024)","corpusId":271407825,"snippets":["Please click on the paper title to read the abstract on Semantic Scholar."],"paper":{"corpusId":271407825,"title":"GaussDB-Global: A Geographically Distributed Database System","year":2024,"venue":"IEEE International Conference on Data Engineering","authors":[{"name":"Puya Memarzia","authorId":"51063972"},{"name":"Huaxin Zhang","authorId":"2312861958"},{"name":"Kelvin Ho","authorId":"2312754918"},{"name":"Ronen Grosman","authorId":"1412911992"},{"name":"Jiang Wang","authorId":"2312876650"}],"nCitations":0},"snippetMetadata":[]},{"id":"(Zhang et al., 2023)","corpusId":265609363,"snippets":["In a geo-distributed database, data shards and their respective replicas are deployed in distinct datacenters across multiple regions, enabling regional-level disaster recovery and the ability to serve global users locally. However, transaction processing in geo-distributed databases requires multiple cross-region communications, especially during the commit phase, which can significantly impact system performance.\n\nSeveral recent research works [11,24,29,[39][40][41] have proposed tightly integrating consensus protocols and commit protocols to minimize the number of network round trips needed for transaction commitment. This integration aims to reduce latency by allowing all replicas to process transactions concurrently, in contrast to the layered architecture that relies on the leader for transaction processing. In non-conflict scenarios, these approaches typically require only a single network round trip to commit a transaction, resulting in significantly reduced latency.\n\nMany commercial geo-distributed databases, including Spanner [4,5], CockroachDB [35], and TiDB [19], construct their transaction layer, encompassing the 2PC protocol and concurrency control protocol, atop leader-based consensus protocols. In layered architecture, the transaction layer necessitates 2PC coordination for commit decisions, while consensus protocols require coordination for maintaining consistent transaction order among replicas. However, this over-coordination introduces significant overhead, prompting efforts to optimize it. For instance, CockroachDB introduces parallel commit to achieve single-round commit latency, but this assumes that the coordinator and shard leaders are co-located, which doesn't align with geo-distributed shard scenarios. CockroachDB also proposes future-time transactions [38] for fast reading in geo-distributed deployments, but it requires bounded clock skew and compromises write latency."],"paper":{"corpusId":265609363,"title":"Fast Commitment for Geo-Distributed Transactions via Decentralized Co-coordinators","year":2023,"venue":"Proceedings of the VLDB Endowment","authors":[{"name":"Zihao Zhang","authorId":"2269463626"},{"name":"Huiqi Hu","authorId":"1802748"},{"name":"Xuan Zhou","authorId":"2304955197"},{"name":"Yaofeng Tu","authorId":"2269463835"},{"name":"Weining Qian","authorId":"2172016"},{"name":"Aoying Zhou","authorId":"2240544813"}],"nCitations":1},"snippetMetadata":[{"quote":"In a geo-distributed database, data shards and their respective replicas are deployed in distinct datacenters across multiple regions, enabling regional-level disaster recovery and the ability to serve global users locally. However, transaction processing in geo-distributed databases requires multiple cross-region communications, especially during the commit phase, which can significantly impact system performance.\n\nSeveral recent research works [11,24,29,[39][40][41] have proposed tightly integrating consensus protocols and commit protocols to minimize the number of network round trips needed for transaction commitment. This integration aims to reduce latency by allowing all replicas to process transactions concurrently, in contrast to the layered architecture that relies on the leader for transaction processing. In non-conflict scenarios, these approaches typically require only a single network round trip to commit a transaction, resulting in significantly reduced latency.\n\nMany commercial geo-distributed databases, including Spanner [4,5], CockroachDB [35], and TiDB [19], construct their transaction layer, encompassing the 2PC protocol and concurrency control protocol, atop leader-based consensus protocols. In layered architecture, the transaction layer necessitates 2PC coordination for commit decisions, while consensus protocols require coordination for maintaining consistent transaction order among replicas. However, this over-coordination introduces significant overhead, prompting efforts to optimize it. For instance, CockroachDB introduces parallel commit to achieve single-round commit latency, but this assumes that the coordinator and shard leaders are co-located, which doesn't align with geo-distributed shard scenarios. CockroachDB also proposes future-time transactions [38] for fast reading in geo-distributed deployments, but it requires bounded clock skew and compromises write latency.","pdfHash":"","sectionTitle":"","isBody":true,"sentenceOffsets":[],"refMentions":[]}]}],"format":"list","table":{"type":"TABLE","title":"","id":"b6cfe769-abda-41cc-8143-5c420e8e081a","columns":[{"id":"23be7a79-0c9c-47c4-a2ba-1a89fe3142ff","name":"Sharding Strategy","description":"The approach used for horizontally partitioning data across geographically dispersed nodes, including partition key selection and distribution algorithms"},{"id":"a3702560-12d8-4e95-a37a-8211cc12397e","name":"Consistency Model","description":"The specific consistency guarantees provided by the system during distributed transactions (e.g., strong consistency, eventual consistency, serializable isolation)"},{"id":"15dbbb77-b04f-41af-88b5-d57398e93033","name":"Transaction Commit Protocol","description":"The specific protocol used for ensuring transaction atomicity across distributed shards (e.g., 2PC, D2PC, etc.)"},{"id":"0fddfff9-2f34-433f-bf9a-0c054a840ab0","name":"Latency Mitigation Techniques","description":"Specific techniques implemented to reduce end-to-end transaction latency in geo-distributed environments"},{"id":"bb1d4112-bcce-4d8e-a522-91e42c67adab","name":"Empirical Performance Metrics","description":"Quantitative measurements of system performance under various conditions, including throughput improvements and latency reductions"},{"id":"35428473-05e3-4c26-9b6e-24c35ae8a867","name":"Fault Tolerance Mechanisms","description":"Strategies for maintaining availability and data integrity during node failures or regional outages"}],"rows":[{"id":"ed5c9d5e-f0ea-420b-8b9d-d01204ceba57","paperCorpusId":218981476,"displayValue":"CockroachDB: The Resilient Geo-Distributed SQL Database"},{"id":"3f30f5df-0874-4c60-8789-12cf0966e018","paperCorpusId":271407825,"displayValue":"GaussDB-Global: A Geographically Distributed Database System"},{"id":"e4212dd4-c429-492e-beeb-c98c93dd029a","paperCorpusId":265609363,"displayValue":"Fast Commitment for Geo-Distributed Transactions via Decentralized Co-coordinators"}],"cells":{"3f30f5df-0874-4c60-8789-12cf0966e018_0fddfff9-2f34-433f-bf9a-0c054a840ab0":{"displayValue":"Decentralized transaction management, reads on asynchronous replicas, tunable freshness guarantees"},"3f30f5df-0874-4c60-8789-12cf0966e018_15dbbb77-b04f-41af-88b5-d57398e93033":{"displayValue":"Decentralized approach using synchronized clocks with centralized fallback option"},"3f30f5df-0874-4c60-8789-12cf0966e018_23be7a79-0c9c-47c4-a2ba-1a89fe3142ff":{"displayValue":"Sharded geographically distributed database with decentralized transaction management using synchronized clocks."},"3f30f5df-0874-4c60-8789-12cf0966e018_35428473-05e3-4c26-9b6e-24c35ae8a867":{"displayValue":"Seamless transition between centralized and decentralized transaction management for efficient fault tolerance."},"3f30f5df-0874-4c60-8789-12cf0966e018_a3702560-12d8-4e95-a37a-8211cc12397e":{"displayValue":"Strong consistency with tunable freshness guarantees for reads on asynchronous replicas."},"3f30f5df-0874-4c60-8789-12cf0966e018_bb1d4112-bcce-4d8e-a522-91e42c67adab":{"displayValue":"14× higher read throughput, 50% more TPC-C throughput compared to baseline."},"e4212dd4-c429-492e-beeb-c98c93dd029a_0fddfff9-2f34-433f-bf9a-0c054a840ab0":{"displayValue":"Decentralized co-coordinators, bypass leader replication reply, and early concurrency control conclusion reduce transaction latency in geo-distributed environments."},"e4212dd4-c429-492e-beeb-c98c93dd029a_15dbbb77-b04f-41af-88b5-d57398e93033":{"displayValue":"D2PC (Decentralized Two-phase Commit) uses multiple co-coordinators to perform commit coordination in parallel across regions."},"e4212dd4-c429-492e-beeb-c98c93dd029a_23be7a79-0c9c-47c4-a2ba-1a89fe3142ff":{"displayValue":"Co-coordinators can be sharded into multiple groups to balance load, with transaction IDs modulo N determining assignment."},"e4212dd4-c429-492e-beeb-c98c93dd029a_35428473-05e3-4c26-9b6e-24c35ae8a867":{"displayValue":"D2PC employs co-coordinators across datacenters with recovery protocols for coordinator failures and replica failures to maintain transaction consistency."},"e4212dd4-c429-492e-beeb-c98c93dd029a_a3702560-12d8-4e95-a37a-8211cc12397e":{"displayValue":"D2PC ensures serializability and recoverability while allowing early write visibility through dependency tracking of read-after-write relationships."},"e4212dd4-c429-492e-beeb-c98c93dd029a_bb1d4112-bcce-4d8e-a522-91e42c67adab":{"displayValue":"D2PC reduces commit latency by 43% and improves throughput by up to 2.43× compared to existing methods."},"ed5c9d5e-f0ea-420b-8b9d-d01204ceba57_0fddfff9-2f34-433f-bf9a-0c054a840ab0":{"displayValue":"Replication and distributed SQL layer for high performance in geo-distributed workloads."},"ed5c9d5e-f0ea-420b-8b9d-d01204ceba57_15dbbb77-b04f-41af-88b5-d57398e93033":{"displayValue":"Novel transaction model that supports consistent geo-distributed transactions on commodity hardware"},"ed5c9d5e-f0ea-420b-8b9d-d01204ceba57_23be7a79-0c9c-47c4-a2ba-1a89fe3142ff":{"displayValue":"Replicates and distributes data for fault tolerance and high performance."},"ed5c9d5e-f0ea-420b-8b9d-d01204ceba57_35428473-05e3-4c26-9b6e-24c35ae8a867":{"displayValue":"Replication, automatic recovery, and distributing data across geo-distributed nodes."},"ed5c9d5e-f0ea-420b-8b9d-d01204ceba57_a3702560-12d8-4e95-a37a-8211cc12397e":{"displayValue":"Strong consistency and serializable isolation for geo-distributed transactions"},"ed5c9d5e-f0ea-420b-8b9d-d01204ceba57_bb1d4112-bcce-4d8e-a522-91e42c67adab":{"displayValue":"Comprehensive performance evaluation with case studies from real users."}}}}]}