{"type":"REPORT","id":"f1f5b497-6c55-45a3-babf-d28bd6fd287f","sections":[{"id":"section0","title":"Introduction to TPC-H Benchmark","tldr":"The TPC-H benchmark is a widely recognized standard for evaluating data warehouse performance, consisting of 22 complex SQL queries that simulate business analytics workloads. It measures performance through metrics like QphH@Size and Price/Performance while allowing for various scale factors from 1GB to 10TB. (4 sources)","text":"\nThe TPC-H benchmark serves as an industry-standard tool for evaluating the performance of data warehouse systems, including cloud-based offerings like Snowflake, Amazon Redshift, Google BigQuery, and Azure Synapse. It consists of 22 query templates that simulate a retail product supplier's decision support system, covering essential business analysis tasks such as inventory tracking, shipping prioritization, and market share analysis <Paper corpusId=\"268794003\" paperTitle=\"(Manavi, 2024)\" isShortName></Paper>. These queries are designed to test various aspects of database performance with complex analytical operations.\n\nOne of the key characteristics of TPC-H is its uniformly distributed data, meaning that the number of rows matching a specific value in a column remains relatively constant regardless of the value chosen. This uniformity results in similar execution plans and performance for different instances of the same query template, as the constant values have minimal impact on the number of rows returned <Paper corpusId=\"143422985\" paperTitle=\"(Kleerekoper et al., 2019)\" isShortName></Paper>.\n\nThe TPC-H benchmark dataset is available in different scale factors, ranging from 1GB to 10TB, allowing for flexibility in testing environments based on available resources and specific evaluation needs <Paper corpusId=\"268794003\" paperTitle=\"(Manavi, 2024)\" isShortName></Paper>. Many research studies utilize the 1GB scale factor for experimental purposes, which provides a reasonable dataset size for performance evaluation while facilitating comparison with prior work <Paper corpusId=\"33511915\" paperTitle=\"(Jain et al., 2018)\" isShortName></Paper>.\n\nPerformance measurement in TPC-H is conducted through two primary metrics: the Query-per-Hour Performance metric (QphH@Size), which accounts for both database size (Scale Factor), single-stream query processing power, and multi-user query throughput; and the Price/Performance metric, which evaluates cost efficiency by calculating Price/QphH@Size <Paper corpusId=\"56019363\" paperTitle=\"(Marin et al., 2016)\" isShortName></Paper>. These standardized metrics enable objective comparisons between different database management systems, making TPC-H an essential tool for evaluating cloud data warehouse platforms.","citations":[{"id":"(Manavi, 2024)","corpusId":268794003,"snippets":["To evaluate the effectiveness of our proposed method for selecting materialized views, we utilize the widely recognized TPC-H benchmark dataset.TPC-H [20] is designed to simulate the workload of a retail product supplier's decision support system.It includes 22 complex SQL queries that represent various business analysis tasks such as inventory tracking, shipping prioritization, and market share analysis.The TPC-H dataset consists of a comprehensive database schema that models different entities such as parts, suppliers, and orders, along with their attributes.The dataset is available at different scale factors, ranging from 1GB to 10TB of data.For our experiments, we use the 1GB scale factor, which provides a realistic workload on a moderately large dataset for optimizing materialized views."],"paper":{"corpusId":268794003,"title":"Multi-Objective Genetic Algorithm for Materialized View Optimization in Data Warehouses","year":2024,"venue":"2024 4th Interdisciplinary Conference on Electrics and Computer (INTCEC)","authors":[{"name":"Mahdi Manavi","authorId":"2294176114"}],"nCitations":0},"snippetMetadata":[{"quote":"To evaluate the effectiveness of our proposed method for selecting materialized views, we utilize the widely recognized TPC-H benchmark dataset.TPC-H [20] is designed to simulate the workload of a retail product supplier's decision support system.It includes 22 complex SQL queries that represent various business analysis tasks such as inventory tracking, shipping prioritization, and market share analysis.The TPC-H dataset consists of a comprehensive database schema that models different entities such as parts, suppliers, and orders, along with their attributes.The dataset is available at different scale factors, ranging from 1GB to 10TB of data.For our experiments, we use the 1GB scale factor, which provides a realistic workload on a moderately large dataset for optimizing materialized views.","pdfHash":"ecae0984c2fd08c8863bf18c16d3f6ac4d087ab7","sectionTitle":"A. TPC-H dataset","isBody":true,"sentenceOffsets":[{"start":0,"end":144,"boundingBoxes":[{"h":8.6,"w":251.1,"top":376.4,"left":312,"page":4},{"h":8.6,"w":107.9,"top":388.4,"left":312,"page":4},{"h":8.6,"w":241.1,"top":364.5,"left":321.9,"page":4}]},{"start":144,"end":247,"boundingBoxes":[{"h":8.6,"w":251.1,"top":400.3,"left":312,"page":4},{"h":8.6,"w":30.2,"top":412.3,"left":312,"page":4},{"h":8.6,"w":140.8,"top":388.4,"left":422.3,"page":4}]},{"start":247,"end":408,"boundingBoxes":[{"h":8.6,"w":251.1,"top":424.2,"left":312,"page":4},{"h":8.6,"w":206.1,"top":436.2,"left":312,"page":4},{"h":8.6,"w":216.1,"top":412.3,"left":347,"page":4}]},{"start":408,"end":567,"boundingBoxes":[{"h":8.6,"w":251.1,"top":448.1,"left":312,"page":4},{"h":8.6,"w":251.1,"top":460.1,"left":312,"page":4},{"h":8.6,"w":106.5,"top":472,"left":312,"page":4},{"h":8.6,"w":41,"top":436.2,"left":522,"page":4}]},{"start":567,"end":653,"boundingBoxes":[{"h":8.6,"w":214.4,"top":484,"left":312,"page":4},{"h":8.6,"w":141.6,"top":472,"left":421.5,"page":4}]},{"start":653,"end":803,"boundingBoxes":[{"h":8.6,"w":251.1,"top":496,"left":312,"page":4},{"h":8.6,"w":251.1,"top":507.9,"left":312,"page":4},{"h":8.6,"w":78.2,"top":519.9,"left":312,"page":4},{"h":8.6,"w":31.8,"top":484,"left":531.2,"page":4}]}],"refMentions":[]}]},{"id":"(Kleerekoper et al., 2019)","corpusId":143422985,"snippets":["The first benchmark is TPC-H, which consists of 22 templates [13]. The data in TPC-H is uniformly distributed meaning that the number of rows in a given column that match a given value is approximately constant, regardless of the value chosen. This means that we would expect different query instances from the same template to be very similar in their plans and execution times because the choice of constant values in the query has little effect on the number of rows returned."],"paper":{"corpusId":143422985,"title":"Can the Optimizer Cost be Used to Predict Query Execution Times?","year":2019,"venue":"arXiv.org","authors":[{"name":"Anthony Kleerekoper","authorId":"2181073"},{"name":"J. Navaridas","authorId":"2664393"},{"name":"M. Luján","authorId":"145141724"}],"nCitations":3},"snippetMetadata":[{"quote":"The first benchmark is TPC-H, which consists of 22 templates [13]. The data in TPC-H is uniformly distributed meaning that the number of rows in a given column that match a given value is approximately constant, regardless of the value chosen. This means that we would expect different query instances from the same template to be very similar in their plans and execution times because the choice of constant values in the query has little effect on the number of rows returned.","pdfHash":"41fb61122b7fe4e0b347f74da83e4aa61565dd95","sectionTitle":"Benchmarks","isBody":true,"sentenceOffsets":[{"start":371,"end":437,"boundingBoxes":[{"h":8.7,"w":304.1,"top":456.7,"left":148.7,"page":8}]},{"start":438,"end":614,"boundingBoxes":[{"h":8.7,"w":343.7,"top":468.7,"left":133.8,"page":8},{"h":8.7,"w":343.7,"top":480.6,"left":133.8,"page":8},{"h":8.7,"w":75.5,"top":492.6,"left":133.8,"page":8},{"h":8.7,"w":17.2,"top":456.7,"left":460.3,"page":8}]},{"start":615,"end":850,"boundingBoxes":[{"h":8.7,"w":343.7,"top":504.5,"left":133.8,"page":8},{"h":8.7,"w":343.7,"top":516.5,"left":133.8,"page":8},{"h":8.7,"w":74.3,"top":528.5,"left":133.8,"page":8},{"h":8.7,"w":261.8,"top":492.6,"left":215.7,"page":8}]}],"refMentions":[]}]},{"id":"(Jain et al., 2018)","corpusId":33511915,"snippets":["We evaluate our summarization approach against TPC-H in order to facilitate comparisons with experiments in the literature, and to facilitate reproducibility. We use scale factor 1 (dataset size 1GB) in order to compare with prior work. We generated queries with varying literals for 21 different TPC-H query templates. We ignored query 15 since it includes a CREATE VIEW statement."],"paper":{"corpusId":33511915,"title":"Query2Vec: An Evaluation of NLP Techniques for Generalized Workload Analytics","year":2018,"venue":"","authors":[{"name":"Shrainik Jain","authorId":"2278389"},{"name":"Bill Howe","authorId":"1686294"},{"name":"Jiaqi Yan","authorId":"2112796787"},{"name":"Thierry Cruanes","authorId":"2141958"}],"nCitations":21},"snippetMetadata":[{"quote":"We evaluate our summarization approach against TPC-H in order to facilitate comparisons with experiments in the literature, and to facilitate reproducibility. We use scale factor 1 (dataset size 1GB) in order to compare with prior work. We generated queries with varying literals for 21 different TPC-H query templates. We ignored query 15 since it includes a CREATE VIEW statement.","pdfHash":"c3e41a887a80c3df39d961fb7a801f5c78a9c584","sectionTitle":"Experimental Datasets","isBody":true,"sentenceOffsets":[{"start":33,"end":191,"boundingBoxes":[{"h":7.9,"w":239.1,"top":657.4,"left":53.8,"page":7},{"h":7.9,"w":239.1,"top":667.8,"left":53.8,"page":7},{"h":7.9,"w":92.2,"top":678.3,"left":53.8,"page":7},{"h":7.9,"w":89.5,"top":646.9,"left":203.4,"page":7}]},{"start":192,"end":269,"boundingBoxes":[{"h":7.9,"w":177.8,"top":688.8,"left":53.8,"page":7},{"h":7.9,"w":141.3,"top":678.3,"left":151.6,"page":7}]},{"start":270,"end":352,"boundingBoxes":[{"h":7.9,"w":239.1,"top":699.2,"left":53.8,"page":7},{"h":7.9,"w":41.5,"top":709.7,"left":53.8,"page":7},{"h":7.9,"w":55.4,"top":688.8,"left":237.5,"page":7}]},{"start":353,"end":415,"boundingBoxes":[{"h":8.1,"w":64.2,"top":720.2,"left":53.8,"page":7},{"h":8.1,"w":192.4,"top":709.7,"left":100.5,"page":7}]}],"refMentions":[]}]},{"id":"(Marin et al., 2016)","corpusId":56019363,"snippets":["There are two performance metrics reported by TPC-H:  Query -per -Hour Performance metric (QphH@Size) which takes into account the database size (Scale Factor), the query processing power for a single stream and query throughput for multiple concurrent users;  Price/Performance metric which takes into account Price/QphH@Size"],"paper":{"corpusId":56019363,"title":"Performance Analysis of Two Big Data Technologies on a Cloud Distributed Architecture. Results for Non-Aggregate Queries on Medium-Sized Data","year":2016,"venue":"","authors":[{"name":"Fotache Marin","authorId":"122138624"},{"name":"Hrubaru Ionuț","authorId":"121840229"}],"nCitations":7},"snippetMetadata":[{"quote":"There are two performance metrics reported by TPC-H:  Query -per -Hour Performance metric (QphH@Size) which takes into account the database size (Scale Factor), the query processing power for a single stream and query throughput for multiple concurrent users;  Price/Performance metric which takes into account Price/QphH@Size","pdfHash":"279aa34d52823055cca09270a8c2ac2972f7be1b","sectionTitle":"Source: Transaction Processing Performance Council -TPC (2014) Figure no. 5 -TPC-H database schema","isBody":true,"sentenceOffsets":[{"start":218,"end":429,"boundingBoxes":[{"h":9.6,"w":371,"top":547.8,"left":112,"page":7},{"h":9.6,"w":344.3,"top":559.3,"left":112,"page":7},{"h":9.6,"w":156.4,"top":536.3,"left":326.8,"page":7}]},{"start":432,"end":933,"boundingBoxes":[{"h":9.6,"w":371,"top":594.5,"left":112,"page":7},{"h":9.6,"w":164.7,"top":606,"left":112,"page":7},{"h":9.6,"w":352.3,"top":641.2,"left":112,"page":7},{"h":9.6,"w":222.9,"top":570.8,"left":133.2,"page":7},{"h":9.6,"w":349.9,"top":629.8,"left":133.2,"page":7},{"h":10,"w":349.9,"top":582.6,"left":133.3,"page":7},{"h":10,"w":294.5,"top":617.9,"left":133.3,"page":7}]}],"refMentions":[]}]}],"format":"synthesis"},{"id":"section1","title":"Performance Comparison of Cloud Data Warehouses","tldr":"Cloud data warehouse platforms show significant performance differences when evaluated using TPC-H benchmarks, with architecture choices, storage technologies, and query execution strategies playing major roles. While systems like Redshift leverage NVMe SSD storage for performance advantages, serverless options like BigQuery and Athena offer cost-efficiency benefits through their shared execution models. (5 sources)","text":"\nWhen comparing the TPC-H performance of major cloud data warehouses, architectural differences significantly impact results. Despite both being shared-nothing parallel column-store databases, Amazon Redshift has demonstrated performance advantages over other similar systems, which may be attributed to its use of faster NVMe SSD storage, intraquery parallelism capabilities, and compilation of queries to machine code <Paper corpusId=\"201650168\" paperTitle=\"(Tan et al., 2019)\" isShortName></Paper>. Many comparative evaluations use substantial datasets, with researchers often implementing TPC-H at scale factor 1,000 (1TB) to provide realistic performance assessments of platforms like Amazon Redshift <Paper corpusId=\"218981987\" paperTitle=\"(Perron et al., 2019)\" isShortName></Paper>.\n\nServerless query processing services like Google BigQuery and Amazon Athena represent a different architectural approach compared to traditional provisioned warehouses. These Query-as-a-Service systems have been outperformed in some studies by specialized systems with optimized operator implementations <Paper corpusId=\"238215871\" paperTitle=\"(Koutsoukos et al., 2020)\" isShortName></Paper>. However, when evaluating cost-efficiency alongside raw performance, serverless offerings show distinct advantages. Research has demonstrated that shared execution of TPC-H queries can be up to 100x cheaper in Amazon Athena and 16x cheaper in Google BigQuery compared to query-at-a-time approaches, while simultaneously delivering higher throughput <Paper corpusId=\"52155743\" paperTitle=\"(Marroquin et al., 2018)\" isShortName></Paper>.\n\nComprehensive benchmarking studies have compared various configurations of cloud data warehouses on TPC-H workloads. For instance, comparisons between Snowflake, Amazon Athena, and other systems have examined different data access patterns, including internal proprietary formats versus external tables stored in formats like Parquet. Snowflake has been evaluated across multiple configurations, including traditional server-based warehouses and its newer serverless tasks capability, with researchers finding that the optimal configuration depends on specific workload characteristics <Paper corpusId=\"275544485\" paperTitle=\"(Bodner et al., 2025)\" isShortName></Paper>. Most comparative studies focus on external table setups as the fairest comparison point since several platforms (Athena, BigQuery) operate primarily on external data.","citations":[{"id":"(Tan et al., 2019)","corpusId":201650168,"snippets":["Both Vertica EBS and Redshift are shared nothing parallel column-store databases, which implies that they should have similar performance, yet they perform very differently. Three possible reasons for Redshift's performance advantage in our tests are its use of faster NVMe SSD storage, intraquery parallelism, and query compilation to machine code."],"paper":{"corpusId":201650168,"title":"Choosing A Cloud DBMS: Architectures and Tradeoffs","year":2019,"venue":"Proceedings of the VLDB Endowment","authors":[{"name":"Junjay Tan","authorId":"115827544"},{"name":"Thanaa M. Ghanem","authorId":"35205093"},{"name":"Matthew Perron","authorId":"34106619"},{"name":"Xiangyao Yu","authorId":"3046907"},{"name":"M. Stonebraker","authorId":"145345023"},{"name":"D. DeWitt","authorId":"1765659"},{"name":"M. Serafini","authorId":"143665011"},{"name":"Ashraf Aboulnaga","authorId":"1704622"},{"name":"Tim Kraska","authorId":"1746961"}],"nCitations":39},"snippetMetadata":[{"quote":"Both Vertica EBS and Redshift are shared nothing parallel column-store databases, which implies that they should have similar performance, yet they perform very differently. Three possible reasons for Redshift's performance advantage in our tests are its use of faster NVMe SSD storage, intraquery parallelism, and query compilation to machine code.","pdfHash":"b9be5ce87672820ec092b542d40006c5739600cf","sectionTitle":"System Comparisons","isBody":true,"sentenceOffsets":[],"refMentions":[]}]},{"id":"(Perron et al., 2019)","corpusId":218981987,"snippets":["We execute our experiments on a scale factor 1,000 (1TB) TPC-H [16] dataset for most experiments","We compare against four configurations of Redshift reading from local data, and one reading from S3 using Spectrum."],"paper":{"corpusId":218981987,"title":"Starling: A Scalable Query Engine on Cloud Functions","year":2019,"venue":"SIGMOD Conference","authors":[{"name":"Matthew Perron","authorId":"34106619"},{"name":"R. Fernandez","authorId":"34568734"},{"name":"D. DeWitt","authorId":"1765659"},{"name":"S. Madden","authorId":"144478906"}],"nCitations":114},"snippetMetadata":[{"quote":"We execute our experiments on a scale factor 1,000 (1TB) TPC-H [16] dataset for most experiments","pdfHash":"514ed7e765905d5d1ba92a4509e7a3195aaa1736","sectionTitle":"Experimental Setup","isBody":true,"sentenceOffsets":[{"start":0,"end":185,"boundingBoxes":[{"h":8.9,"w":241.3,"top":684.9,"left":317.5,"page":8},{"h":8.9,"w":240.7,"top":696.8,"left":317.7,"page":8},{"h":8.9,"w":240.5,"top":270.6,"left":53.5,"page":9},{"h":8.9,"w":58.5,"top":282.6,"left":53.8,"page":9}]}],"refMentions":[]},{"quote":"We compare against four configurations of Redshift reading from local data, and one reading from S3 using Spectrum.","pdfHash":"514ed7e765905d5d1ba92a4509e7a3195aaa1736","sectionTitle":"Experimental Setup","isBody":true,"sentenceOffsets":[{"start":1905,"end":2020,"boundingBoxes":[{"h":8.9,"w":241.8,"top":656.2,"left":53.8,"page":9},{"h":8.9,"w":232,"top":644.2,"left":63.8,"page":9}]}],"refMentions":[]}]},{"id":"(Koutsoukos et al., 2020)","corpusId":238215871,"snippets":["Modularis also outperforms Query-as-a-Service systems such as BigQuery and Athena by simply changing the RDMA-specific operators with dedicated serverless-based ones so that queries run on the cloud."],"paper":{"corpusId":238215871,"title":"Modularis: Modular Relational Analytics over Heterogeneous Distributed Platforms","year":2020,"venue":"Proceedings of the VLDB Endowment","authors":[{"name":"D. Koutsoukos","authorId":"41174671"},{"name":"Ingo Müller","authorId":"2068635149"},{"name":"Renato Marroquín","authorId":"3454947"},{"name":"Ana Klimovic","authorId":"2285439909"},{"name":"G. Alonso","authorId":"144641551"}],"nCitations":6},"snippetMetadata":[{"quote":"Modularis also outperforms Query-as-a-Service systems such as BigQuery and Athena by simply changing the RDMA-specific operators with dedicated serverless-based ones so that queries run on the cloud.","pdfHash":"6c73be8cb4b89699afc94d7f5e79b023ae7b6809","sectionTitle":"CONCLUSION","isBody":true,"sentenceOffsets":[{"start":956,"end":1155,"boundingBoxes":[{"h":7.9,"w":240.5,"top":531.5,"left":318,"page":12},{"h":7.9,"w":240.2,"top":542.4,"left":318,"page":12},{"h":7.9,"w":236.9,"top":553.4,"left":318,"page":12},{"h":7.9,"w":37.6,"top":520.5,"left":520.6,"page":12}]}],"refMentions":[]}]},{"id":"(Marroquin et al., 2018)","corpusId":52155743,"snippets":["As an example, we demonstrate how the shared execution of the TPC-H benchmark is up to 100x and 16x cheaper in Amazon Athena and bigquery than using a query-at-a-time approach while achieving a higher throughput."],"paper":{"corpusId":52155743,"title":"Pay One, Get Hundreds for Free: Reducing Cloud Costs through Shared Query Execution","year":2018,"venue":"ACM Symposium on Cloud Computing","authors":[{"name":"Renato Marroquín","authorId":"3454947"},{"name":"Ingo Müller","authorId":"2068635149"},{"name":"Darko Makreshanski","authorId":"1897378"},{"name":"G. Alonso","authorId":"144641551"}],"nCitations":14},"snippetMetadata":[{"quote":"As an example, we demonstrate how the shared execution of the TPC-H benchmark is up to 100x and 16x cheaper in Amazon Athena and bigquery than using a query-at-a-time approach while achieving a higher throughput.","pdfHash":"","sectionTitle":"abstract","isBody":false,"sentenceOffsets":[],"refMentions":[]}]},{"id":"(Bodner et al., 2025)","corpusId":275544485,"snippets":["To assess the performance and cost efficiency of Skyrise, we compare it against several state-ofthe-art approaches: The academic research prototype Lambada [22] and the commercial offerings Snowflake and Athena. Lambada (see Section 5) is a research prototype for FaaS-based query processing. We report the numbers published in [22]. Snowflake is a commercial cloud-based data warehouse offering. Typically, users allocate several warehouse instances. Recently, Snowflake added serverless tasks which are mainly aimed at data maintenance. Serverless tasks are executed on warehouses provisioned by Snowflake and are billed per second. Serverless tasks are created with an initial warehouse size provided by the user. After a few executions, Snowflake automatically determines the best warehouse size for each tasks. For stable measurements, we created new tasks for each query execution and set the warehouse size to 2xlarge (the configuration with the best price-performance ratio). We evaluated five setups for Snowflake (SF): the default of loading data into the proprietary format (Server/Intern), as external tables from warehouses (Server/Extern) and serverless tasks (Serverless/Extern), and as Iceberg tables from warehouses (Server/Iceberg) and serverless tasks (Serverless/Iceberg), respectively. Both the external tables and the Iceberg tables link the S3-resident Parquets files and execute directly on them. The main difference between both setups is that Snowflake stores meta data for Iceberg tables. As Athena, Lambada, and Skyrise do not store any metadata on the table data, we consider the external table setup to be the most relevant for a fair comparison. We use Snowflake version 8.38.3 and take costs provided by Snowflake's monitoring tools (with a standard configuration costing $2 per compute credit). For the warehouse-based Snowflake variants, we multiply the credit price with the query runtime. Athena is a serverless query processing offering by Amazon. Athena builds on Trino (previously Presto [52]). Similar to the setup for Snowflake, we created external tables based on the TPC-H dataset."],"paper":{"corpusId":275544485,"title":"Skyrise: Exploiting Serverless Cloud Infrastructure for Elastic Data Processing","year":2025,"venue":"Datenbank-Spektrum","authors":[{"name":"Thomas Bodner","authorId":"50386129"},{"name":"Daniel Ritter","authorId":"2295992738"},{"name":"Martin Boissier","authorId":"2320852158"},{"name":"T. Rabl","authorId":"1731210"}],"nCitations":1},"snippetMetadata":[{"quote":"To assess the performance and cost efficiency of Skyrise, we compare it against several state-ofthe-art approaches: The academic research prototype Lambada [22] and the commercial offerings Snowflake and Athena. Lambada (see Section 5) is a research prototype for FaaS-based query processing. We report the numbers published in [22]. Snowflake is a commercial cloud-based data warehouse offering. Typically, users allocate several warehouse instances. Recently, Snowflake added serverless tasks which are mainly aimed at data maintenance. Serverless tasks are executed on warehouses provisioned by Snowflake and are billed per second. Serverless tasks are created with an initial warehouse size provided by the user. After a few executions, Snowflake automatically determines the best warehouse size for each tasks. For stable measurements, we created new tasks for each query execution and set the warehouse size to 2xlarge (the configuration with the best price-performance ratio). We evaluated five setups for Snowflake (SF): the default of loading data into the proprietary format (Server/Intern), as external tables from warehouses (Server/Extern) and serverless tasks (Serverless/Extern), and as Iceberg tables from warehouses (Server/Iceberg) and serverless tasks (Serverless/Iceberg), respectively. Both the external tables and the Iceberg tables link the S3-resident Parquets files and execute directly on them. The main difference between both setups is that Snowflake stores meta data for Iceberg tables. As Athena, Lambada, and Skyrise do not store any metadata on the table data, we consider the external table setup to be the most relevant for a fair comparison. We use Snowflake version 8.38.3 and take costs provided by Snowflake's monitoring tools (with a standard configuration costing $2 per compute credit). For the warehouse-based Snowflake variants, we multiply the credit price with the query runtime. Athena is a serverless query processing offering by Amazon. Athena builds on Trino (previously Presto [52]). Similar to the setup for Snowflake, we created external tables based on the TPC-H dataset.","pdfHash":"d6373cbe3eeab23588b251fdf32d13d1252a40e3","sectionTitle":"End-to-End Workloads","isBody":true,"sentenceOffsets":[{"start":0,"end":211,"boundingBoxes":[{"h":8.7,"w":215.4,"top":94.8,"left":66.9,"page":7},{"h":8.7,"w":215.4,"top":106.8,"left":66.9,"page":7},{"h":8.7,"w":215.4,"top":118.8,"left":66.9,"page":7},{"h":8.7,"w":215.4,"top":130.8,"left":66.9,"page":7},{"h":8.7,"w":99.7,"top":142.8,"left":66.9,"page":7}]},{"start":212,"end":292,"boundingBoxes":[{"h":8.7,"w":215.4,"top":154.8,"left":66.9,"page":7},{"h":8.7,"w":47.5,"top":166.8,"left":66.9,"page":7},{"h":8.8,"w":112.5,"top":142.8,"left":169.9,"page":7}]},{"start":293,"end":333,"boundingBoxes":[{"h":8.7,"w":31.1,"top":178.8,"left":66.9,"page":7},{"h":8.7,"w":161,"top":166.8,"left":121.3,"page":7}]},{"start":334,"end":396,"boundingBoxes":[{"h":8.7,"w":106.6,"top":190.8,"left":66.9,"page":7},{"h":8.8,"w":179.7,"top":178.8,"left":102.6,"page":7}]},{"start":397,"end":451,"boundingBoxes":[{"h":8.7,"w":124.5,"top":202.8,"left":66.9,"page":7},{"h":8.7,"w":105.2,"top":190.8,"left":177.1,"page":7}]},{"start":452,"end":538,"boundingBoxes":[{"h":8.7,"w":215.4,"top":214.8,"left":66.9,"page":7},{"h":8.7,"w":97.2,"top":226.8,"left":66.9,"page":7},{"h":8.7,"w":86.8,"top":202.8,"left":195.6,"page":7}]},{"start":539,"end":634,"boundingBoxes":[{"h":8.7,"w":215.4,"top":238.8,"left":66.9,"page":7},{"h":8.7,"w":121.2,"top":250.8,"left":66.9,"page":7},{"h":8.7,"w":112.4,"top":226.8,"left":169.9,"page":7}]},{"start":635,"end":716,"boundingBoxes":[{"h":8.7,"w":215.4,"top":262.8,"left":66.9,"page":7},{"h":8.7,"w":55.6,"top":274.8,"left":66.9,"page":7},{"h":8.7,"w":88.7,"top":250.8,"left":193.7,"page":7}]},{"start":717,"end":815,"boundingBoxes":[{"h":8.7,"w":215.4,"top":286.8,"left":66.9,"page":7},{"h":8.7,"w":63.8,"top":298.8,"left":66.9,"page":7},{"h":8.7,"w":154.5,"top":274.8,"left":127.8,"page":7}]},{"start":816,"end":983,"boundingBoxes":[{"h":8.7,"w":215.4,"top":310.8,"left":66.9,"page":7},{"h":9,"w":215.4,"top":322.8,"left":66.9,"page":7},{"h":8.7,"w":215.4,"top":334.8,"left":66.9,"page":7},{"h":8.7,"w":147.6,"top":298.8,"left":134.7,"page":7}]},{"start":984,"end":1306,"boundingBoxes":[{"h":8.7,"w":215.4,"top":346.8,"left":66.9,"page":7},{"h":8.7,"w":215.4,"top":358.8,"left":66.9,"page":7},{"h":8.7,"w":215.4,"top":370.8,"left":66.9,"page":7},{"h":8.7,"w":215.4,"top":382.8,"left":66.9,"page":7},{"h":8.7,"w":215.4,"top":394.8,"left":66.9,"page":7},{"h":8.7,"w":215.4,"top":406.8,"left":66.9,"page":7},{"h":8.7,"w":215.4,"top":418.8,"left":66.9,"page":7},{"h":8.7,"w":26,"top":430.8,"left":66.9,"page":7}]},{"start":1307,"end":1420,"boundingBoxes":[{"h":8.7,"w":215.4,"top":442.8,"left":66.9,"page":7},{"h":8.7,"w":118.1,"top":454.8,"left":66.9,"page":7},{"h":8.7,"w":184.9,"top":430.8,"left":97.5,"page":7}]},{"start":1421,"end":1515,"boundingBoxes":[{"h":8.7,"w":215.4,"top":466.8,"left":66.9,"page":7},{"h":8.7,"w":108.9,"top":478.8,"left":66.9,"page":7},{"h":8.7,"w":91.6,"top":454.8,"left":190.8,"page":7}]},{"start":1516,"end":1676,"boundingBoxes":[{"h":8.7,"w":215.4,"top":490.8,"left":66.9,"page":7},{"h":8.7,"w":215.4,"top":502.8,"left":66.9,"page":7},{"h":8.7,"w":215.4,"top":514.8,"left":66.9,"page":7},{"h":8.7,"w":100.6,"top":478.8,"left":181.7,"page":7}]},{"start":1677,"end":1827,"boundingBoxes":[{"h":8.7,"w":215.4,"top":526.8,"left":66.9,"page":7},{"h":8.7,"w":215.4,"top":538.8,"left":66.9,"page":7},{"h":10,"w":215.4,"top":550.1,"left":66.9,"page":7},{"h":8.7,"w":31.6,"top":562.8,"left":66.9,"page":7}]},{"start":1828,"end":1924,"boundingBoxes":[{"h":8.7,"w":215.4,"top":574.8,"left":66.9,"page":7},{"h":8.7,"w":36.8,"top":586.8,"left":66.9,"page":7},{"h":8.7,"w":179.8,"top":562.8,"left":102.6,"page":7}]},{"start":1925,"end":1984,"boundingBoxes":[{"h":8.7,"w":107.1,"top":598.8,"left":66.9,"page":7},{"h":8.8,"w":173.5,"top":586.8,"left":108.8,"page":7}]},{"start":1985,"end":2033,"boundingBoxes":[{"h":8.7,"w":106.3,"top":610.8,"left":66.9,"page":7},{"h":8.7,"w":104.1,"top":598.8,"left":178.2,"page":7}]},{"start":2034,"end":2124,"boundingBoxes":[{"h":8.7,"w":215.4,"top":622.8,"left":66.9,"page":7},{"h":8.7,"w":85.2,"top":634.8,"left":66.9,"page":7},{"h":8.7,"w":105.1,"top":610.8,"left":177.3,"page":7}]}],"refMentions":[]}]}],"format":"synthesis"},{"id":"section2","title":"TPC-H Performance Metrics and Measurements","tldr":"TPC-H benchmark evaluations reveal significant performance variations across database systems, with column-store databases typically outperforming row-stores by large margins. Performance improvements through optimization techniques include format selection (Parquet often outperforming text), query rewriting, advanced indexing, and specialized execution engines. (13 sources)","text":"\nPerformance measurement across different database systems using the TPC-H benchmark demonstrates substantial variation in execution times. Column-store databases consistently outperform traditional row-store implementations, with some studies showing potential for very large speedups when comparing optimized column-oriented approaches against plain row-stores <Paper corpusId=\"2471779\" paperTitle=\"(Bruno, 2009)\" isShortName></Paper>. This performance advantage stems from column stores' ability to read only the data needed for query processing, which is particularly beneficial for analytical workloads like those in TPC-H.\n\nThe choice of file format and storage technology significantly impacts TPC-H performance. Comparative analyses between text, Parquet, Avro, and SequenceFile formats show that Parquet typically delivers better performance for analytical queries. In benchmark studies across multiple systems, adaptive format selection approaches have demonstrated average speedups of 18% overall, with improvements of 32% over fixed SequenceFile and 19% over fixed Avro formats <Paper corpusId=\"47021496\" paperTitle=\"(Munir et al., 2018)\" isShortName></Paper>. When evaluating different query processing systems on the same formats, Impala has shown superior performance, executing 4.41x-6.65x faster than other systems on text format and 1.68x-2.0x faster on Parquet across various scale factors <Paper corpusId=\"4564812\" paperTitle=\"(Tapdiya et al., 2017)\" isShortName></Paper>.\n\nAdvanced optimization techniques have yielded significant performance improvements for TPC-H workloads. Specialized query optimizers for handling User-Defined Functions (UDFs) have achieved speedups of 1.2-7.4x on problematic TPC-H queries, with a geometric mean improvement of 2.2x <Paper corpusId=\"238992819\" paperTitle=\"(Zhang et al., 2021)\" isShortName></Paper>. Similarly, layout optimization approaches like LEA (Layout Explorer with Adaptivity) have demonstrated 19% lower cold-cache query latency while using 26% less storage space <Paper corpusId=\"234777879\" paperTitle=\"(Cen et al., 2021)\" isShortName></Paper>. Storage-level optimizations such as read and write throughput improvements have also been observed, with one study showing a 22% improvement for TPC-H distribution <Paper corpusId=\"19022659\" paperTitle=\"(Apte et al., 2012)\" isShortName></Paper>.\n\nThe scale of TPC-H testing varies considerably across studies, with researchers employing different dataset sizes based on their specific evaluation goals. Many researchers use the 1GB scale factor (SF1) for experimental purposes, while others utilize larger datasets from 10GB to several hundred gigabytes <Paper corpusId=\"17299657\" paperTitle=\"(Dokeroglu et al., 2014)\" isShortName></Paper> <Paper corpusId=\"4564812\" paperTitle=\"(Tapdiya et al., 2017)\" isShortName></Paper>. Performance testing often involves multiple measurements to ensure reliability, with some studies conducting as many as 20 measurements per query and executing each query hundreds of times to obtain statistically sound results <Paper corpusId=\"254097160\" paperTitle=\"(Makor et al., 2022)\" isShortName></Paper>.\n\nSpecialized database systems have demonstrated remarkable performance differences on TPC-H workloads. Research comparing various systems shows that LevelHeaded can compete within 2x of HyPer while outperforming MonetDB by up to an order of magnitude and LogicBlox by up to two orders of magnitude on selected TPC-H queries <Paper corpusId=\"169321\" paperTitle=\"(Aberger et al., 2017)\" isShortName></Paper>. In other comparative studies, embedded database options like MonetDBLite have shown performance comparable to their server-based counterparts when the bottleneck is computational rather than data transfer <Paper corpusId=\"44142316\" paperTitle=\"(Raasveldt, 2018)\" isShortName></Paper>. Distributed processing systems optimized for streaming data have also shown impressive results, with processing rates that scale effectively across multiple worker nodes for most TPC-H queries <Paper corpusId=\"54448088\" paperTitle=\"(McSherry et al., 2018)\" isShortName></Paper> <Paper corpusId=\"11002705\" paperTitle=\"(Nikolic et al., 2016)\" isShortName></Paper>.\n\nQuery optimization techniques can dramatically reduce execution times for complex TPC-H queries. One study demonstrated that a query compiler for Amazon Redshift reduced the execution time of TPC-H query 3 from over 12 hours to less than 20 minutes, though compilation itself took a median of 4.8 minutes <Paper corpusId=\"72940830\" paperTitle=\"(Feser et al., 2019)\" isShortName></Paper>. This highlights the potential trade-off between compilation overhead and execution efficiency, particularly for complex analytical queries.","citations":[{"id":"(Bruno, 2009)","corpusId":2471779,"snippets":["Figure 2 shows the execution times of both Row and ColOpt for the queries in Figure 1 (ignore the additional bars for now) 2 . The immediate conclusion from the figure is that column stores indeed have the potential to result in very large speedups with respect to plain row-stores, as illustrated more concisely in the table below:"],"paper":{"corpusId":2471779,"title":"Teaching an Old Elephant New Tricks","year":2009,"venue":"Conference on Innovative Data Systems Research","authors":[{"name":"Nicolas Bruno","authorId":"2362833"}],"nCitations":26},"snippetMetadata":[{"quote":"Figure 2 shows the execution times of both Row and ColOpt for the queries in Figure 1 (ignore the additional bars for now) 2 . The immediate conclusion from the figure is that column stores indeed have the potential to result in very large speedups with respect to plain row-stores, as illustrated more concisely in the table below:","pdfHash":"10889b5c5fdffdd545277cb30ce8073d34f9fa79","sectionTitle":"Experimental Setting","isBody":true,"sentenceOffsets":[{"start":1626,"end":1752,"boundingBoxes":[{"h":8.1,"w":215.1,"top":478.9,"left":53.8,"page":2},{"h":8.1,"w":230.1,"top":468.5,"left":62.8,"page":2},{"h":5.4,"w":3,"top":477.1,"left":268.9,"page":2},{"h":8.1,"w":2.2,"top":478.9,"left":272.5,"page":2}]},{"start":1753,"end":1958,"boundingBoxes":[{"h":8.1,"w":239.1,"top":489.4,"left":53.8,"page":2},{"h":8.1,"w":239.2,"top":499.8,"left":53.8,"page":2},{"h":8.1,"w":233.1,"top":510.2,"left":53.8,"page":2},{"h":8.1,"w":13.9,"top":478.9,"left":279,"page":2}]}],"refMentions":[]}]},{"id":"(Munir et al., 2018)","corpusId":47021496,"snippets":["The overall results of TPC-H are shown in Figure 16. Observe that, for TPC-H, our approach on average provides 32% speedup over fixed SequenceFile, 19% speedup over fixed Avro, 4% speedup over fixed Parquet and overall, it provides 18% speedup."],"paper":{"corpusId":47021496,"title":"A Cost-based Storage Format Selector for Materialization in Big Data Frameworks","year":2018,"venue":"arXiv.org","authors":[{"name":"Rana Faisal Munir","authorId":"2240624"},{"name":"A. Abelló","authorId":"48843545"},{"name":"Oscar Romero","authorId":"144149891"},{"name":"Maik Thiele","authorId":"2405035"},{"name":"Wolfgang Lehner","authorId":"7337091"}],"nCitations":3},"snippetMetadata":[{"quote":"The overall results of TPC-H are shown in Figure 16. Observe that, for TPC-H, our approach on average provides 32% speedup over fixed SequenceFile, 19% speedup over fixed Avro, 4% speedup over fixed Parquet and overall, it provides 18% speedup.","pdfHash":"757d72ef41da2705eb38605c8361bee790ad8932","sectionTitle":"Rule-based approach","isBody":true,"sentenceOffsets":[],"refMentions":[]}]},{"id":"(Tapdiya et al., 2017)","corpusId":4564812,"snippets":["In the text format, Impala is the fastest (4.41x -6.65x) and Drill is the slowest (1.15x -6.65x), across all evaluated scale factors. In the parquet format, although Drill is nearly 1.1x faster than Spark SQL at smaller scale factors (SF 125 and SF 250), Spark SQL marginally outperforms (1.02x) Drill for the largest evaluated scale factor (SF 500). Impala is the fastest (1.68x -2.0x) system in the parquet format, across all evaluated scale factors. In contrast with the text format, parquet format results exhibit interesting query performance trade-offs with each system outperforming the other two systems for a subset of TPC-H queries."],"paper":{"corpusId":4564812,"title":"A comparative analysis of state-of-the-art SQL-on-Hadoop systems for interactive analytics","year":2017,"venue":"2017 IEEE International Conference on Big Data (Big Data)","authors":[{"name":"A. Tapdiya","authorId":"2786856"},{"name":"Daniela Fabbri","authorId":"39057283"}],"nCitations":8},"snippetMetadata":[{"quote":"In the text format, Impala is the fastest (4.41x -6.65x) and Drill is the slowest (1.15x -6.65x), across all evaluated scale factors. In the parquet format, although Drill is nearly 1.1x faster than Spark SQL at smaller scale factors (SF 125 and SF 250), Spark SQL marginally outperforms (1.02x) Drill for the largest evaluated scale factor (SF 500). Impala is the fastest (1.68x -2.0x) system in the parquet format, across all evaluated scale factors. In contrast with the text format, parquet format results exhibit interesting query performance trade-offs with each system outperforming the other two systems for a subset of TPC-H queries.","pdfHash":"b6391d1de608bd04f459beee016544ea3351fb65","sectionTitle":"C. Experiment Results","isBody":true,"sentenceOffsets":[],"refMentions":[]}]},{"id":"(Zhang et al., 2021)","corpusId":238992819,"snippets":["In this experiment, six of the rewritten queries show significant (> 10%) performance degradation; thus, we use CLIS to optimize these six queries. Figure 11 shows the execution time of the three variants (original, rewritten with UDFs, and optimized by CLIS) for these queries. CLIS improves execution time of all six queries by 1.2 − 7.4×, with the geometric mean speed-up being 2.2× compared to the version containing UDFs. Furthermore, the queries optimized using CLIS execute as fast as the original TPC-H queries."],"paper":{"corpusId":238992819,"title":"UDF to SQL translation through compositional lazy inductive synthesis","year":2021,"venue":"Proc. ACM Program. Lang.","authors":[{"name":"Guoqiang Zhang","authorId":"2116725626"},{"name":"Yuanchao Xu","authorId":"7870162"},{"name":"Xipeng Shen","authorId":"37914192"},{"name":"Işıl Dillig","authorId":"1714075"}],"nCitations":12},"snippetMetadata":[{"quote":"In this experiment, six of the rewritten queries show significant (> 10%) performance degradation; thus, we use CLIS to optimize these six queries. Figure 11 shows the execution time of the three variants (original, rewritten with UDFs, and optimized by CLIS) for these queries. CLIS improves execution time of all six queries by 1.2 − 7.4×, with the geometric mean speed-up being 2.2× compared to the version containing UDFs. Furthermore, the queries optimized using CLIS execute as fast as the original TPC-H queries.","pdfHash":"19287a43a404b121d88368314bd550a8eed91b9b","sectionTitle":"TPC-H Workloads.","isBody":true,"sentenceOffsets":[],"refMentions":[]}]},{"id":"(Cen et al., 2021)","corpusId":234777879,"snippets":["On TPC-H, LEA achieves 19% lower cold-cache query latency on TPC-H while using 26% less space."],"paper":{"corpusId":234777879,"title":"LEA: A Learned Encoding Advisor for Column Stores","year":2021,"venue":"aiDM@SIGMOD","authors":[{"name":"Lujing Cen","authorId":"1660834965"},{"name":"Andreas Kipf","authorId":"1922104"},{"name":"Ryan Marcus","authorId":"40412858"},{"name":"Tim Kraska","authorId":"1746961"}],"nCitations":11},"snippetMetadata":[{"quote":"On TPC-H, LEA achieves 19% lower cold-cache query latency on TPC-H while using 26% less space.","pdfHash":"","sectionTitle":"","isBody":true,"sentenceOffsets":[],"refMentions":[]}]},{"id":"(Apte et al., 2012)","corpusId":19022659,"snippets":["Our experiments show that MMH improves read and write throughput by 22% for TPC-H distribution."],"paper":{"corpusId":19022659,"title":"Improving Seek Time for Column Store Using MMH Algorithm","year":2012,"venue":"arXiv.org","authors":[{"name":"Tejaswini Apte","authorId":"2384874"},{"name":"Dr. Maya Ingle","authorId":"2265869047"},{"name":"Dr. A. K. Goyal","authorId":"2061523084"}],"nCitations":0},"snippetMetadata":[{"quote":"Our experiments show that MMH improves read and write throughput by 22% for TPC-H distribution.","pdfHash":"b0063f40fb10dc79ab36bef565c65975146fec12","sectionTitle":"abstract","isBody":false,"sentenceOffsets":[],"refMentions":[]}]},{"id":"(Dokeroglu et al., 2014)","corpusId":17299657,"snippets":["A TPC-H database of size 10 GB is used during the experiments. The TPC-H database has 8 relations: lineitem (8,145 MB), orders (1,757 MB), partsupp (1,236 MB), part (290 MB), customer (256 MB), supplier (2 MB), region (0,008 MB), and nation (0,008 MB). The tables are assumed to locate at 5 different VMs. By replicating the small tables, nation, supplier, and region, we aimed to obtain a better performance. \n\nWe have used three different workloads that consist of TPC-H queries. Our purpose was to test the proposed algorithms under diverse workloads, in terms of the response time of query execution times and total cost of ownership."],"paper":{"corpusId":17299657,"title":"Evolutionary Multiobjective Query Workload Optimization of Cloud Data Warehouses","year":2014,"venue":"TheScientificWorldJournal","authors":[{"name":"T. Dokeroglu","authorId":"6399749"},{"name":"S. A. Sert","authorId":"47378285"},{"name":"Muhammet Serkan Çinar","authorId":"50232346"}],"nCitations":16},"snippetMetadata":[{"quote":"A TPC-H database of size 10 GB is used during the experiments. The TPC-H database has 8 relations: lineitem (8,145 MB), orders (1,757 MB), partsupp (1,236 MB), part (290 MB), customer (256 MB), supplier (2 MB), region (0,008 MB), and nation (0,008 MB). The tables are assumed to locate at 5 different VMs. By replicating the small tables, nation, supplier, and region, we aimed to obtain a better performance. \n\nWe have used three different workloads that consist of TPC-H queries. Our purpose was to test the proposed algorithms under diverse workloads, in terms of the response time of query execution times and total cost of ownership.","pdfHash":"4942c75242d6026d52d343ac2f48268719d2266c","sectionTitle":"TPC-H Workloads.","isBody":true,"sentenceOffsets":[{"start":0,"end":62,"boundingBoxes":[{"h":9.4,"w":122.2,"top":540.4,"left":308.6,"page":9},{"h":9.4,"w":141.9,"top":529.1,"left":406.9,"page":9}]},{"start":63,"end":252,"boundingBoxes":[{"h":9.4,"w":240.1,"top":551.8,"left":308.6,"page":9},{"h":9.4,"w":240.1,"top":563.2,"left":308.6,"page":9},{"h":9.4,"w":199.3,"top":574.5,"left":308.6,"page":9},{"h":9.4,"w":113.6,"top":540.4,"left":435.1,"page":9}]},{"start":253,"end":305,"boundingBoxes":[{"h":9.4,"w":165.9,"top":585.9,"left":308.6,"page":9},{"h":9.4,"w":39.2,"top":574.5,"left":509.5,"page":9}]},{"start":306,"end":409,"boundingBoxes":[{"h":9.4,"w":240.1,"top":597.3,"left":308.6,"page":9},{"h":9.4,"w":85.5,"top":608.7,"left":308.6,"page":9},{"h":9.4,"w":71.2,"top":585.9,"left":477.5,"page":9}]},{"start":412,"end":481,"boundingBoxes":[{"h":9.4,"w":76.5,"top":631.4,"left":308.6,"page":9},{"h":9.4,"w":225.2,"top":620,"left":323.6,"page":9}]},{"start":482,"end":638,"boundingBoxes":[{"h":9.4,"w":240.1,"top":642.8,"left":308.6,"page":9},{"h":9.4,"w":240.1,"top":654.1,"left":308.6,"page":9},{"h":9.4,"w":159.6,"top":631.4,"left":389.1,"page":9}]}],"refMentions":[]}]},{"id":"(Makor et al., 2022)","corpusId":254097160,"snippets":["We used the standardized TPC-H dataset generator with scale factor 1 to generate approximately 1GB of data and used a custom wrapper to load the resulting data and to execute the query. We took 20 measurements for each query and within each measurement applied the query 500 times on the data set. Fig. 8 depicts the relative speedups on each of those queries. Particularly the performance of query 6 and query 19 improved, with the former achieving speedups of around 30% and the latter of more than 80%. The performance of query 12 is similar to the baseline, while query 1 and 14 are negatively impacted, with slowdowns of around 10% and 20%, respectively."],"paper":{"corpusId":254097160,"title":"Automatic Array Transformation to Columnar Storage at Run Time","year":2022,"venue":"MPLR","authors":[{"name":"Lukas Makor","authorId":"115194189"},{"name":"Sebastian Kloibhofer","authorId":"2007841018"},{"name":"David Leopoldseder","authorId":"3355543"},{"name":"Daniele Bonetta","authorId":"2066218"},{"name":"Lukas Stadler","authorId":"2173873573"},{"name":"H. Mössenböck","authorId":"1738841"}],"nCitations":3},"snippetMetadata":[{"quote":"We used the standardized TPC-H dataset generator with scale factor 1 to generate approximately 1GB of data and used a custom wrapper to load the resulting data and to execute the query. We took 20 measurements for each query and within each measurement applied the query 500 times on the data set. Fig. 8 depicts the relative speedups on each of those queries. Particularly the performance of query 6 and query 19 improved, with the former achieving speedups of around 30% and the latter of more than 80%. The performance of query 12 is similar to the baseline, while query 1 and 14 are negatively impacted, with slowdowns of around 10% and 20%, respectively.","pdfHash":"cb65a74cfb043c595569fe76c7eb163bdcc99c87","sectionTitle":"TPC-H","isBody":true,"sentenceOffsets":[{"start":383,"end":568,"boundingBoxes":[{"h":7.9,"w":240.2,"top":701.5,"left":53.8,"page":9},{"h":7.9,"w":31,"top":690.5,"left":263,"page":9},{"h":7.9,"w":240.4,"top":266.9,"left":318,"page":9},{"h":7.9,"w":194.4,"top":277.9,"left":318,"page":9}]},{"start":569,"end":680,"boundingBoxes":[{"h":7.9,"w":240.2,"top":288.8,"left":318,"page":9},{"h":7.9,"w":130,"top":299.8,"left":318,"page":9},{"h":7.9,"w":43,"top":277.9,"left":515.2,"page":9}]},{"start":681,"end":743,"boundingBoxes":[{"h":7.9,"w":214.7,"top":310.8,"left":327.9,"page":9}]},{"start":744,"end":888,"boundingBoxes":[{"h":7.9,"w":240.2,"top":321.7,"left":318,"page":9},{"h":7.9,"w":240.2,"top":332.7,"left":318,"page":9},{"h":7.9,"w":35.5,"top":343.6,"left":318,"page":9},{"h":7.9,"w":15,"top":310.8,"left":544.7,"page":9}]},{"start":889,"end":1042,"boundingBoxes":[{"h":7.9,"w":240.6,"top":354.6,"left":317.6,"page":9},{"h":7.9,"w":127.6,"top":365.5,"left":318,"page":9},{"h":7.9,"w":203.4,"top":343.6,"left":355.8,"page":9}]}],"refMentions":[]}]},{"id":"(Aberger et al., 2017)","corpusId":169321,"snippets":["On seven queries from the TPC-H benchmark we show that LevelHeaded can compete within 2x of HyPer while outperforming MonetDB by up to an order of magnitude and LogicBlox by up to two orders of magnitude."],"paper":{"corpusId":169321,"title":"LevelHeaded: Making Worst-Case Optimal Joins Work in the Common Case","year":2017,"venue":"arXiv.org","authors":[{"name":"Christopher R. Aberger","authorId":"145284500"},{"name":"Andrew Lamb","authorId":"2063997405"},{"name":"K. Olukotun","authorId":"1746638"},{"name":"C. Ré","authorId":"2114485554"}],"nCitations":1},"snippetMetadata":[{"quote":"On seven queries from the TPC-H benchmark we show that LevelHeaded can compete within 2x of HyPer while outperforming MonetDB by up to an order of magnitude and LogicBlox by up to two orders of magnitude.","pdfHash":"39928343f7544d01130fd2af91caccbcaa38a644","sectionTitle":"Business Intelligence","isBody":true,"sentenceOffsets":[{"start":0,"end":204,"boundingBoxes":[{"h":7.9,"w":239.1,"top":580.2,"left":316.8,"page":10},{"h":7.9,"w":239.1,"top":590.6,"left":316.8,"page":10},{"h":7.9,"w":199,"top":601.1,"left":316.8,"page":10},{"h":7.9,"w":230.1,"top":569.7,"left":325.8,"page":10}]}],"refMentions":[]}]},{"id":"(Raasveldt, 2018)","corpusId":44142316,"snippets":["The total time required to complete all the measured TPC-H queries for the different systems is shown in Table 1. We can see that both MonetDB and MonetDBLite show the best performance on the benchmark. They also show very similar performance. This is because the TPC-H benchmark revolves around computing aggregates, and does not involve transferring a large amount of data over the socket connection. As such, the bottleneck is almost entirely the computation performed in the database server. As MonetDB and MonetDBLite use the same internal query execution engine, they have identical performance."],"paper":{"corpusId":44142316,"title":"MonetDBLite: An Embedded Analytical Database","year":2018,"venue":"SIGMOD Conference","authors":[{"name":"Mark Raasveldt","authorId":"3428490"}],"nCitations":16},"snippetMetadata":[{"quote":"The total time required to complete all the measured TPC-H queries for the different systems is shown in Table 1. We can see that both MonetDB and MonetDBLite show the best performance on the benchmark. They also show very similar performance. This is because the TPC-H benchmark revolves around computing aggregates, and does not involve transferring a large amount of data over the socket connection. As such, the bottleneck is almost entirely the computation performed in the database server. As MonetDB and MonetDBLite use the same internal query execution engine, they have identical performance.","pdfHash":"c360232970ed915b94f0e543f0e4a64e0112aab9","sectionTitle":"TPC-H SF1","isBody":true,"sentenceOffsets":[{"start":0,"end":113,"boundingBoxes":[{"h":7.9,"w":240.5,"top":384,"left":317.7,"page":8},{"h":7.9,"w":162.3,"top":395,"left":318,"page":8}]},{"start":114,"end":202,"boundingBoxes":[{"h":7.9,"w":240.2,"top":406,"left":318,"page":8},{"h":7.9,"w":43.5,"top":416.9,"left":318,"page":8},{"h":7.9,"w":75.7,"top":395,"left":482.5,"page":8}]},{"start":203,"end":243,"boundingBoxes":[{"h":7.9,"w":155.4,"top":416.9,"left":363.7,"page":8}]},{"start":244,"end":402,"boundingBoxes":[{"h":7.9,"w":241.8,"top":427.9,"left":318,"page":8},{"h":7.9,"w":240.4,"top":438.8,"left":318,"page":8},{"h":7.9,"w":83.9,"top":449.8,"left":318,"page":8},{"h":7.9,"w":38.4,"top":416.9,"left":521.3,"page":8}]},{"start":403,"end":495,"boundingBoxes":[{"h":7.9,"w":189.5,"top":460.7,"left":318,"page":8},{"h":7.9,"w":154.2,"top":449.8,"left":404.2,"page":8}]},{"start":496,"end":601,"boundingBoxes":[{"h":7.9,"w":241.2,"top":471.7,"left":318,"page":8},{"h":7.9,"w":120.1,"top":482.7,"left":318,"page":8},{"h":7.9,"w":48.3,"top":460.7,"left":509.9,"page":8}]}],"refMentions":[]}]},{"id":"(McSherry et al., 2018)","corpusId":54448088,"snippets":["In Appendix Appendix B we report TPC-H measurements with increased logical batching. Table 5 reports the processing rates for logical batches of 100,000 records, along with the rates of (Nikolic et al., 2016); K-Pg offers a more uniformly high throughput which scales out to multiple workers, though for some \"easier\" queries (q6, q14) K-Pg lags behind (Nikolic et al., 2016). Table 6 reports elapsed times to process each query as a single logical batch, compared with evaluations from recent work (Essertel et al., 2018) for Postgres, Spark, HyPer, and Flare; for these measurements K-Pg is faster than the first two systems, and not as fast as the latter two."],"paper":{"corpusId":54448088,"title":"K-Pg: Shared State in Differential Dataflows","year":2018,"venue":"arXiv.org","authors":[{"name":"Frank McSherry","authorId":"3137076"},{"name":"Andrea Lattuada","authorId":"3416365"},{"name":"Malte Schwarzkopf","authorId":"1962485"}],"nCitations":2},"snippetMetadata":[{"quote":"In Appendix Appendix B we report TPC-H measurements with increased logical batching. Table 5 reports the processing rates for logical batches of 100,000 records, along with the rates of (Nikolic et al., 2016); K-Pg offers a more uniformly high throughput which scales out to multiple workers, though for some \"easier\" queries (q6, q14) K-Pg lags behind (Nikolic et al., 2016). Table 6 reports elapsed times to process each query as a single logical batch, compared with evaluations from recent work (Essertel et al., 2018) for Postgres, Spark, HyPer, and Flare; for these measurements K-Pg is faster than the first two systems, and not as fast as the latter two.","pdfHash":"84bd9195a469b26519bf7cac6caa2504024fc9fe","sectionTitle":"Relational analytics","isBody":true,"sentenceOffsets":[{"start":497,"end":581,"boundingBoxes":[{"h":8.6,"w":152.6,"top":112.1,"left":311,"page":10},{"h":8.6,"w":220.9,"top":100.2,"left":320.9,"page":10}]},{"start":582,"end":837,"boundingBoxes":[{"h":8.6,"w":230.4,"top":124.1,"left":311,"page":10},{"h":8.6,"w":230.8,"top":136.1,"left":311,"page":10},{"h":8.6,"w":230.8,"top":148,"left":311,"page":10},{"h":8.6,"w":229,"top":160,"left":311,"page":10},{"h":8.6,"w":48.4,"top":171.9,"left":311,"page":10},{"h":8.6,"w":74,"top":112.1,"left":466,"page":10}]},{"start":838,"end":1104,"boundingBoxes":[{"h":8.6,"w":230.8,"top":183.9,"left":311,"page":10},{"h":8.6,"w":230.4,"top":195.8,"left":311,"page":10},{"h":8.6,"w":229,"top":207.8,"left":311,"page":10},{"h":8.6,"w":197.3,"top":219.7,"left":311,"page":10},{"h":8.6,"w":178.1,"top":171.9,"left":361.9,"page":10}]}],"refMentions":[11002705,11002705,52988622]}]},{"id":"(Nikolic et al., 2016)","corpusId":11002705,"snippets":["In the quest for valuable information, modern big data applications continuously monitor streams of data. These applications demand low latency stream processing even when faced with high volume and velocity of incoming changes and the user's desire to ask complex queries. In this paper, we study low-latency incremental computation of complex SQL queries in both local and distributed streaming environments. We develop a technique for the efficient incrementalization of queries with nested aggregates for batch updates. We identify the cases in which batch processing can boost the performance of incremental view maintenance but also demonstrate that tuple-at-a-time processing often can achieve better performance in local mode. Batch updates are essential for enabling distributed incremental view maintenance and amortizing the cost of network communication and synchronization. We show how to derive incremental programs optimized for running on large-scale processing platforms. Our implementation of distributed incremental view maintenance can process tens of million of tuples with few-second latency using hundreds of nodes."],"paper":{"corpusId":11002705,"title":"How to Win a Hot Dog Eating Contest: Distributed Incremental View Maintenance with Batch Updates","year":2016,"venue":"SIGMOD Conference","authors":[{"name":"Milos Nikolic","authorId":"143687337"},{"name":"Mohammad Dashti","authorId":"143772942"},{"name":"Christoph E. Koch","authorId":"145624228"}],"nCitations":47},"snippetMetadata":[{"quote":"In the quest for valuable information, modern big data applications continuously monitor streams of data. These applications demand low latency stream processing even when faced with high volume and velocity of incoming changes and the user's desire to ask complex queries. In this paper, we study low-latency incremental computation of complex SQL queries in both local and distributed streaming environments. We develop a technique for the efficient incrementalization of queries with nested aggregates for batch updates. We identify the cases in which batch processing can boost the performance of incremental view maintenance but also demonstrate that tuple-at-a-time processing often can achieve better performance in local mode. Batch updates are essential for enabling distributed incremental view maintenance and amortizing the cost of network communication and synchronization. We show how to derive incremental programs optimized for running on large-scale processing platforms. Our implementation of distributed incremental view maintenance can process tens of million of tuples with few-second latency using hundreds of nodes.","pdfHash":"","sectionTitle":"abstract","isBody":false,"sentenceOffsets":[],"refMentions":[]}]},{"id":"(Feser et al., 2019)","corpusId":72940830,"snippets":["TPC-H query 3 dropped from over 12 hours to less than 20 minutes. Running the compiler using a 2 node Redshift cluster, the maximum compilation time for an optimizer generated query is 100 minutes with a median of 4.8 minutes."],"paper":{"corpusId":72940830,"title":"Deductive optimization of relational data storage","year":2019,"venue":"Proc. ACM Program. Lang.","authors":[{"name":"John K. Feser","authorId":"144061026"},{"name":"S. Madden","authorId":"144478906"},{"name":"N. Tang","authorId":"8669763"},{"name":"Armando Solar-Lezama","authorId":"1389870240"}],"nCitations":5},"snippetMetadata":[{"quote":"TPC-H query 3 dropped from over 12 hours to less than 20 minutes. Running the compiler using a 2 node Redshift cluster, the maximum compilation time for an optimizer generated query is 100 minutes with a median of 4.8 minutes.","pdfHash":"26cf802a5ca0494bc80a048e33eccc650132c000","sectionTitle":"Performance of Staging","isBody":true,"sentenceOffsets":[],"refMentions":[]}]}],"format":"synthesis"},{"id":"section3","title":"Cost Efficiency Considerations","tldr":"Cloud data warehouses differ significantly in their cost efficiency models, with serverless options like Amazon Athena and Google BigQuery providing substantial cost savings through shared execution models compared to traditional provisioned warehouses. Benchmark studies comparing Snowflake, Athena, and other platforms reveal that the choice of data access pattern (internal proprietary format versus external tables) significantly impacts both performance and cost. (2 sources)","text":"\nWhen evaluating cloud data warehouses, cost efficiency becomes a critical factor alongside raw performance metrics. Research has demonstrated remarkable cost advantages for serverless query processing services when executing TPC-H workloads. Specifically, shared execution approaches have been shown to be up to 100x cheaper in Amazon Athena and 16x cheaper in Google BigQuery compared to traditional query-at-a-time approaches, while simultaneously delivering higher throughput <Paper corpusId=\"52155743\" paperTitle=\"(Marroquin et al., 2018)\" isShortName></Paper>.\n\nThe billing models for cloud data warehouses vary significantly, with different cost implications for similar workloads. Provisioned warehouse systems like Snowflake typically charge based on compute credits consumed during query execution, while serverless options like Amazon Athena bill per data scanned. Comparative studies have found that for warehouse-based Snowflake setups, costs are calculated by multiplying the credit price with query runtime, with standard configurations costing around $2 per compute credit <Paper corpusId=\"275544485\" paperTitle=\"(Bodner et al., 2025)\" isShortName></Paper>.\n\nRecent evaluations have explored multiple cost-efficiency configurations across platforms. For Snowflake specifically, researchers have examined five distinct setups: loading data into Snowflake's proprietary format using traditional warehouses, accessing external tables from warehouses, executing serverless tasks on external tables, accessing Iceberg tables from warehouses, and running serverless tasks on Iceberg tables. This diversity of options demonstrates the complex trade-offs between performance and cost that organizations must navigate <Paper corpusId=\"275544485\" paperTitle=\"(Bodner et al., 2025)\" isShortName></Paper>.\n\nThe data access pattern selected can significantly impact both cost and performance. When benchmarking against serverless options like Amazon Athena (which builds on Trino, previously Presto), researchers often consider external table setups to be the most relevant for fair comparison, as systems like Athena and other serverless offerings don't store metadata on table data in the same way traditional warehouses do <Paper corpusId=\"275544485\" paperTitle=\"(Bodner et al., 2025)\" isShortName></Paper>. This distinction is critical when organizations are evaluating platforms, as the ability to query data directly where it resides (without ingestion into proprietary formats) can offer meaningful cost benefits despite potential performance trade-offs.","citations":[{"id":"(Marroquin et al., 2018)","corpusId":52155743,"snippets":["As an example, we demonstrate how the shared execution of the TPC-H benchmark is up to 100x and 16x cheaper in Amazon Athena and bigquery than using a query-at-a-time approach while achieving a higher throughput."],"paper":{"corpusId":52155743,"title":"Pay One, Get Hundreds for Free: Reducing Cloud Costs through Shared Query Execution","year":2018,"venue":"ACM Symposium on Cloud Computing","authors":[{"name":"Renato Marroquín","authorId":"3454947"},{"name":"Ingo Müller","authorId":"2068635149"},{"name":"Darko Makreshanski","authorId":"1897378"},{"name":"G. Alonso","authorId":"144641551"}],"nCitations":14},"snippetMetadata":[{"quote":"As an example, we demonstrate how the shared execution of the TPC-H benchmark is up to 100x and 16x cheaper in Amazon Athena and bigquery than using a query-at-a-time approach while achieving a higher throughput.","pdfHash":"","sectionTitle":"abstract","isBody":false,"sentenceOffsets":[],"refMentions":[]}]},{"id":"(Bodner et al., 2025)","corpusId":275544485,"snippets":["To assess the performance and cost efficiency of Skyrise, we compare it against several state-ofthe-art approaches: The academic research prototype Lambada [22] and the commercial offerings Snowflake and Athena. Lambada (see Section 5) is a research prototype for FaaS-based query processing. We report the numbers published in [22]. Snowflake is a commercial cloud-based data warehouse offering. Typically, users allocate several warehouse instances. Recently, Snowflake added serverless tasks which are mainly aimed at data maintenance. Serverless tasks are executed on warehouses provisioned by Snowflake and are billed per second. Serverless tasks are created with an initial warehouse size provided by the user. After a few executions, Snowflake automatically determines the best warehouse size for each tasks. For stable measurements, we created new tasks for each query execution and set the warehouse size to 2xlarge (the configuration with the best price-performance ratio). We evaluated five setups for Snowflake (SF): the default of loading data into the proprietary format (Server/Intern), as external tables from warehouses (Server/Extern) and serverless tasks (Serverless/Extern), and as Iceberg tables from warehouses (Server/Iceberg) and serverless tasks (Serverless/Iceberg), respectively. Both the external tables and the Iceberg tables link the S3-resident Parquets files and execute directly on them. The main difference between both setups is that Snowflake stores meta data for Iceberg tables. As Athena, Lambada, and Skyrise do not store any metadata on the table data, we consider the external table setup to be the most relevant for a fair comparison. We use Snowflake version 8.38.3 and take costs provided by Snowflake's monitoring tools (with a standard configuration costing $2 per compute credit). For the warehouse-based Snowflake variants, we multiply the credit price with the query runtime. Athena is a serverless query processing offering by Amazon. Athena builds on Trino (previously Presto [52]). Similar to the setup for Snowflake, we created external tables based on the TPC-H dataset."],"paper":{"corpusId":275544485,"title":"Skyrise: Exploiting Serverless Cloud Infrastructure for Elastic Data Processing","year":2025,"venue":"Datenbank-Spektrum","authors":[{"name":"Thomas Bodner","authorId":"50386129"},{"name":"Daniel Ritter","authorId":"2295992738"},{"name":"Martin Boissier","authorId":"2320852158"},{"name":"T. Rabl","authorId":"1731210"}],"nCitations":1},"snippetMetadata":[{"quote":"To assess the performance and cost efficiency of Skyrise, we compare it against several state-ofthe-art approaches: The academic research prototype Lambada [22] and the commercial offerings Snowflake and Athena. Lambada (see Section 5) is a research prototype for FaaS-based query processing. We report the numbers published in [22]. Snowflake is a commercial cloud-based data warehouse offering. Typically, users allocate several warehouse instances. Recently, Snowflake added serverless tasks which are mainly aimed at data maintenance. Serverless tasks are executed on warehouses provisioned by Snowflake and are billed per second. Serverless tasks are created with an initial warehouse size provided by the user. After a few executions, Snowflake automatically determines the best warehouse size for each tasks. For stable measurements, we created new tasks for each query execution and set the warehouse size to 2xlarge (the configuration with the best price-performance ratio). We evaluated five setups for Snowflake (SF): the default of loading data into the proprietary format (Server/Intern), as external tables from warehouses (Server/Extern) and serverless tasks (Serverless/Extern), and as Iceberg tables from warehouses (Server/Iceberg) and serverless tasks (Serverless/Iceberg), respectively. Both the external tables and the Iceberg tables link the S3-resident Parquets files and execute directly on them. The main difference between both setups is that Snowflake stores meta data for Iceberg tables. As Athena, Lambada, and Skyrise do not store any metadata on the table data, we consider the external table setup to be the most relevant for a fair comparison. We use Snowflake version 8.38.3 and take costs provided by Snowflake's monitoring tools (with a standard configuration costing $2 per compute credit). For the warehouse-based Snowflake variants, we multiply the credit price with the query runtime. Athena is a serverless query processing offering by Amazon. Athena builds on Trino (previously Presto [52]). Similar to the setup for Snowflake, we created external tables based on the TPC-H dataset.","pdfHash":"d6373cbe3eeab23588b251fdf32d13d1252a40e3","sectionTitle":"End-to-End Workloads","isBody":true,"sentenceOffsets":[{"start":0,"end":211,"boundingBoxes":[{"h":8.7,"w":215.4,"top":94.8,"left":66.9,"page":7},{"h":8.7,"w":215.4,"top":106.8,"left":66.9,"page":7},{"h":8.7,"w":215.4,"top":118.8,"left":66.9,"page":7},{"h":8.7,"w":215.4,"top":130.8,"left":66.9,"page":7},{"h":8.7,"w":99.7,"top":142.8,"left":66.9,"page":7}]},{"start":212,"end":292,"boundingBoxes":[{"h":8.7,"w":215.4,"top":154.8,"left":66.9,"page":7},{"h":8.7,"w":47.5,"top":166.8,"left":66.9,"page":7},{"h":8.8,"w":112.5,"top":142.8,"left":169.9,"page":7}]},{"start":293,"end":333,"boundingBoxes":[{"h":8.7,"w":31.1,"top":178.8,"left":66.9,"page":7},{"h":8.7,"w":161,"top":166.8,"left":121.3,"page":7}]},{"start":334,"end":396,"boundingBoxes":[{"h":8.7,"w":106.6,"top":190.8,"left":66.9,"page":7},{"h":8.8,"w":179.7,"top":178.8,"left":102.6,"page":7}]},{"start":397,"end":451,"boundingBoxes":[{"h":8.7,"w":124.5,"top":202.8,"left":66.9,"page":7},{"h":8.7,"w":105.2,"top":190.8,"left":177.1,"page":7}]},{"start":452,"end":538,"boundingBoxes":[{"h":8.7,"w":215.4,"top":214.8,"left":66.9,"page":7},{"h":8.7,"w":97.2,"top":226.8,"left":66.9,"page":7},{"h":8.7,"w":86.8,"top":202.8,"left":195.6,"page":7}]},{"start":539,"end":634,"boundingBoxes":[{"h":8.7,"w":215.4,"top":238.8,"left":66.9,"page":7},{"h":8.7,"w":121.2,"top":250.8,"left":66.9,"page":7},{"h":8.7,"w":112.4,"top":226.8,"left":169.9,"page":7}]},{"start":635,"end":716,"boundingBoxes":[{"h":8.7,"w":215.4,"top":262.8,"left":66.9,"page":7},{"h":8.7,"w":55.6,"top":274.8,"left":66.9,"page":7},{"h":8.7,"w":88.7,"top":250.8,"left":193.7,"page":7}]},{"start":717,"end":815,"boundingBoxes":[{"h":8.7,"w":215.4,"top":286.8,"left":66.9,"page":7},{"h":8.7,"w":63.8,"top":298.8,"left":66.9,"page":7},{"h":8.7,"w":154.5,"top":274.8,"left":127.8,"page":7}]},{"start":816,"end":983,"boundingBoxes":[{"h":8.7,"w":215.4,"top":310.8,"left":66.9,"page":7},{"h":9,"w":215.4,"top":322.8,"left":66.9,"page":7},{"h":8.7,"w":215.4,"top":334.8,"left":66.9,"page":7},{"h":8.7,"w":147.6,"top":298.8,"left":134.7,"page":7}]},{"start":984,"end":1306,"boundingBoxes":[{"h":8.7,"w":215.4,"top":346.8,"left":66.9,"page":7},{"h":8.7,"w":215.4,"top":358.8,"left":66.9,"page":7},{"h":8.7,"w":215.4,"top":370.8,"left":66.9,"page":7},{"h":8.7,"w":215.4,"top":382.8,"left":66.9,"page":7},{"h":8.7,"w":215.4,"top":394.8,"left":66.9,"page":7},{"h":8.7,"w":215.4,"top":406.8,"left":66.9,"page":7},{"h":8.7,"w":215.4,"top":418.8,"left":66.9,"page":7},{"h":8.7,"w":26,"top":430.8,"left":66.9,"page":7}]},{"start":1307,"end":1420,"boundingBoxes":[{"h":8.7,"w":215.4,"top":442.8,"left":66.9,"page":7},{"h":8.7,"w":118.1,"top":454.8,"left":66.9,"page":7},{"h":8.7,"w":184.9,"top":430.8,"left":97.5,"page":7}]},{"start":1421,"end":1515,"boundingBoxes":[{"h":8.7,"w":215.4,"top":466.8,"left":66.9,"page":7},{"h":8.7,"w":108.9,"top":478.8,"left":66.9,"page":7},{"h":8.7,"w":91.6,"top":454.8,"left":190.8,"page":7}]},{"start":1516,"end":1676,"boundingBoxes":[{"h":8.7,"w":215.4,"top":490.8,"left":66.9,"page":7},{"h":8.7,"w":215.4,"top":502.8,"left":66.9,"page":7},{"h":8.7,"w":215.4,"top":514.8,"left":66.9,"page":7},{"h":8.7,"w":100.6,"top":478.8,"left":181.7,"page":7}]},{"start":1677,"end":1827,"boundingBoxes":[{"h":8.7,"w":215.4,"top":526.8,"left":66.9,"page":7},{"h":8.7,"w":215.4,"top":538.8,"left":66.9,"page":7},{"h":10,"w":215.4,"top":550.1,"left":66.9,"page":7},{"h":8.7,"w":31.6,"top":562.8,"left":66.9,"page":7}]},{"start":1828,"end":1924,"boundingBoxes":[{"h":8.7,"w":215.4,"top":574.8,"left":66.9,"page":7},{"h":8.7,"w":36.8,"top":586.8,"left":66.9,"page":7},{"h":8.7,"w":179.8,"top":562.8,"left":102.6,"page":7}]},{"start":1925,"end":1984,"boundingBoxes":[{"h":8.7,"w":107.1,"top":598.8,"left":66.9,"page":7},{"h":8.8,"w":173.5,"top":586.8,"left":108.8,"page":7}]},{"start":1985,"end":2033,"boundingBoxes":[{"h":8.7,"w":106.3,"top":610.8,"left":66.9,"page":7},{"h":8.7,"w":104.1,"top":598.8,"left":178.2,"page":7}]},{"start":2034,"end":2124,"boundingBoxes":[{"h":8.7,"w":215.4,"top":622.8,"left":66.9,"page":7},{"h":8.7,"w":85.2,"top":634.8,"left":66.9,"page":7},{"h":8.7,"w":105.1,"top":610.8,"left":177.3,"page":7}]}],"refMentions":[]}]}],"format":"synthesis"},{"id":"section4","title":"TPC-H Workload Characteristics","tldr":"TPC-H workloads exhibit significant heterogeneity in table sizes and data distribution, with the largest tables like lineitem often accounting for most of the data volume. Benchmark implementations vary widely in scale factors and workload composition, from simple analytical queries to complex transaction patterns with multiple client threads. (4 sources)","text":"\nThe TPC-H benchmark workload is characterized by highly skewed data distributions across its database tables, creating distinct performance challenges for database systems. When implemented at scale factor 25, the data item sizes range dramatically from as small as 25KB to as large as 28GB, resulting in substantial variation among table column sizes <Paper corpusId=\"14773547\" paperTitle=\"(Kayyoor et al., 2013)\" isShortName></Paper>. This heterogeneity reflects real-world analytical database environments where dimension tables are typically much smaller than fact tables.\n\nThe composition of TPC-H databases consistently shows a pattern where a few large tables dominate the storage requirements. For example, in a 10GB TPC-H implementation, the lineitem table typically consumes approximately 8,145MB (about 80% of the total database size), followed by orders (1,757MB) and partsupp (1,236MB), while smaller tables like region and nation occupy just 0.008MB each <Paper corpusId=\"17299657\" paperTitle=\"(Dokeroglu et al., 2014)\" isShortName></Paper>. This distinct size distribution creates opportunities for optimization strategies such as replicating smaller tables across distributed environments to improve query performance <Paper corpusId=\"17299657\" paperTitle=\"(Dokeroglu et al., 2014)\" isShortName></Paper>.\n\nTPC-H workload implementations can vary significantly based on testing objectives. While the standard benchmark includes 22 analytical queries, researchers often create diverse workloads with different combinations of these queries to evaluate specific aspects of database performance <Paper corpusId=\"17299657\" paperTitle=\"(Dokeroglu et al., 2014)\" isShortName></Paper>. More complex benchmark configurations using tools like HammerDB can simulate concurrent workloads with configurable client threads simultaneously executing multiple transactions or queries <Paper corpusId=\"253107784\" paperTitle=\"(Psallidas et al., 2022)\" isShortName></Paper>. This flexibility allows for testing both pure analytical performance and more complex mixed workloads.\n\nThe computational nature of TPC-H queries can reveal important performance characteristics of different database architectures. The benchmark primarily focuses on computing aggregates rather than transferring large amounts of data, making it particularly sensitive to the efficiency of internal query execution engines. Studies comparing embedded database systems like MonetDBLite with their server-based counterparts (MonetDB) have shown nearly identical performance on TPC-H workloads because the bottleneck is computational processing rather than data transfer <Paper corpusId=\"44142316\" paperTitle=\"(Raasveldt, 2018)\" isShortName></Paper>. This insight helps explain why column-store databases generally excel at TPC-H workloads, as their architecture is optimized for the analytical operations that dominate the benchmark.","citations":[{"id":"(Kayyoor et al., 2013)","corpusId":14773547,"snippets":["We also conducted a similar set of experiments with heterogeneous data item sizes, where we generated TPC-H style queries with data item sizes adhering to the TPC-H benchmark. We chose the scale factor of 25, which means the highest data item size is 28GB and smallest data item size is 25KB. This results in a high skew among the table column sizes. Data item size is calculated as Size(columnDatatype) * noRows."],"paper":{"corpusId":14773547,"title":"Data Placement and Replica Selection for Improving Co-location in Distributed Environments","year":2013,"venue":"arXiv.org","authors":[{"name":"Ashwin Kumar Kayyoor","authorId":"30503094"},{"name":"A. Deshpande","authorId":"144520191"},{"name":"S. Khuller","authorId":"1737147"}],"nCitations":52},"snippetMetadata":[{"quote":"We also conducted a similar set of experiments with heterogeneous data item sizes, where we generated TPC-H style queries with data item sizes adhering to the TPC-H benchmark. We chose the scale factor of 25, which means the highest data item size is 28GB and smallest data item size is 25KB. This results in a high skew among the table column sizes. Data item size is calculated as Size(columnDatatype) * noRows.","pdfHash":"34535a604d7dad68b9ae991adcf3a1a55efed31f","sectionTitle":"Snowflake Dataset","isBody":true,"sentenceOffsets":[{"start":695,"end":870,"boundingBoxes":[{"h":7.8,"w":239.1,"top":565,"left":316.8,"page":10},{"h":7.8,"w":201.1,"top":575.5,"left":316.8,"page":10},{"h":7.8,"w":230.1,"top":554.6,"left":325.8,"page":10}]},{"start":871,"end":987,"boundingBoxes":[{"h":7.8,"w":239.1,"top":585.9,"left":316.8,"page":10},{"h":7.8,"w":158.4,"top":596.4,"left":316.8,"page":10},{"h":7.8,"w":34.6,"top":575.5,"left":521.3,"page":10}]},{"start":988,"end":1045,"boundingBoxes":[{"h":7.8,"w":128.6,"top":606.9,"left":316.8,"page":10},{"h":7.8,"w":77.8,"top":596.4,"left":478.1,"page":10}]},{"start":1046,"end":1108,"boundingBoxes":[{"h":7.9,"w":138.2,"top":617,"left":316.8,"page":10},{"h":7.8,"w":107.7,"top":606.9,"left":448.2,"page":10}]}],"refMentions":[]}]},{"id":"(Dokeroglu et al., 2014)","corpusId":17299657,"snippets":["A TPC-H database of size 10 GB is used during the experiments. The TPC-H database has 8 relations: lineitem (8,145 MB), orders (1,757 MB), partsupp (1,236 MB), part (290 MB), customer (256 MB), supplier (2 MB), region (0,008 MB), and nation (0,008 MB). The tables are assumed to locate at 5 different VMs. By replicating the small tables, nation, supplier, and region, we aimed to obtain a better performance. \n\nWe have used three different workloads that consist of TPC-H queries. Our purpose was to test the proposed algorithms under diverse workloads, in terms of the response time of query execution times and total cost of ownership."],"paper":{"corpusId":17299657,"title":"Evolutionary Multiobjective Query Workload Optimization of Cloud Data Warehouses","year":2014,"venue":"TheScientificWorldJournal","authors":[{"name":"T. Dokeroglu","authorId":"6399749"},{"name":"S. A. Sert","authorId":"47378285"},{"name":"Muhammet Serkan Çinar","authorId":"50232346"}],"nCitations":16},"snippetMetadata":[{"quote":"A TPC-H database of size 10 GB is used during the experiments. The TPC-H database has 8 relations: lineitem (8,145 MB), orders (1,757 MB), partsupp (1,236 MB), part (290 MB), customer (256 MB), supplier (2 MB), region (0,008 MB), and nation (0,008 MB). The tables are assumed to locate at 5 different VMs. By replicating the small tables, nation, supplier, and region, we aimed to obtain a better performance. \n\nWe have used three different workloads that consist of TPC-H queries. Our purpose was to test the proposed algorithms under diverse workloads, in terms of the response time of query execution times and total cost of ownership.","pdfHash":"4942c75242d6026d52d343ac2f48268719d2266c","sectionTitle":"TPC-H Workloads.","isBody":true,"sentenceOffsets":[{"start":0,"end":62,"boundingBoxes":[{"h":9.4,"w":122.2,"top":540.4,"left":308.6,"page":9},{"h":9.4,"w":141.9,"top":529.1,"left":406.9,"page":9}]},{"start":63,"end":252,"boundingBoxes":[{"h":9.4,"w":240.1,"top":551.8,"left":308.6,"page":9},{"h":9.4,"w":240.1,"top":563.2,"left":308.6,"page":9},{"h":9.4,"w":199.3,"top":574.5,"left":308.6,"page":9},{"h":9.4,"w":113.6,"top":540.4,"left":435.1,"page":9}]},{"start":253,"end":305,"boundingBoxes":[{"h":9.4,"w":165.9,"top":585.9,"left":308.6,"page":9},{"h":9.4,"w":39.2,"top":574.5,"left":509.5,"page":9}]},{"start":306,"end":409,"boundingBoxes":[{"h":9.4,"w":240.1,"top":597.3,"left":308.6,"page":9},{"h":9.4,"w":85.5,"top":608.7,"left":308.6,"page":9},{"h":9.4,"w":71.2,"top":585.9,"left":477.5,"page":9}]},{"start":412,"end":481,"boundingBoxes":[{"h":9.4,"w":76.5,"top":631.4,"left":308.6,"page":9},{"h":9.4,"w":225.2,"top":620,"left":323.6,"page":9}]},{"start":482,"end":638,"boundingBoxes":[{"h":9.4,"w":240.1,"top":642.8,"left":308.6,"page":9},{"h":9.4,"w":240.1,"top":654.1,"left":308.6,"page":9},{"h":9.4,"w":159.6,"top":631.4,"left":389.1,"page":9}]}],"refMentions":[]}]},{"id":"(Psallidas et al., 2022)","corpusId":253107784,"snippets":["We generated a database with 40 warehouses, and observed 109 statement runs per transaction on average. The workload mainly comprises many low-latency simple statements, but also includes IF conditions and up to 16 iterations of WHILE loops","For workloads from TPC-C and TPC-H, HammerDB builds a configurable #client threads to concurrently run a configurable #transactions (for TPC-C) or #queries (for TPC-H)."],"paper":{"corpusId":253107784,"title":"OneProvenance: Efficient Extraction of Dynamic Coarse-Grained Provenance From Database Query Event Logs","year":2022,"venue":"Proceedings of the VLDB Endowment","authors":[{"name":"Fotis Psallidas","authorId":"2493657"},{"name":"Ashvin Agrawal","authorId":"9490513"},{"name":"Chandru Sugunan","authorId":"2188780833"},{"name":"Khaled Ibrahim","authorId":"2188780274"},{"name":"Konstantinos Karanasos","authorId":"2687553"},{"name":"Jes'us Camacho-Rodr'iguez","authorId":"2157042307"},{"name":"Avrilia Floratou","authorId":"2327080"},{"name":"C. Curino","authorId":"1692732"},{"name":"R. Ramakrishnan","authorId":"1709145"}],"nCitations":0},"snippetMetadata":[{"quote":"We generated a database with 40 warehouses, and observed 109 statement runs per transaction on average. The workload mainly comprises many low-latency simple statements, but also includes IF conditions and up to 16 iterations of WHILE loops","pdfHash":"a6dd23b5814886cc047d718631759bee9c2f8640","sectionTitle":"EXPERIMENTS","isBody":true,"sentenceOffsets":[{"start":762,"end":865,"boundingBoxes":[{"h":7.8,"w":188.8,"top":504.2,"left":318,"page":9},{"h":7.8,"w":196.8,"top":493.3,"left":362.9,"page":9}]},{"start":866,"end":1004,"boundingBoxes":[{"h":7.8,"w":240.2,"top":515.2,"left":318,"page":9},{"h":7.8,"w":222.5,"top":526.2,"left":318,"page":9},{"h":7.8,"w":49.2,"top":504.2,"left":509,"page":9}]}],"refMentions":[]},{"quote":"For workloads from TPC-C and TPC-H, HammerDB builds a configurable #client threads to concurrently run a configurable #transactions (for TPC-C) or #queries (for TPC-H).","pdfHash":"a6dd23b5814886cc047d718631759bee9c2f8640","sectionTitle":"EXPERIMENTS","isBody":true,"sentenceOffsets":[{"start":1179,"end":1347,"boundingBoxes":[{"h":7.8,"w":118.2,"top":591.9,"left":317.7,"page":9},{"h":7.8,"w":240.2,"top":570,"left":318,"page":9},{"h":7.8,"w":240.4,"top":581,"left":318,"page":9},{"h":7.8,"w":35.5,"top":559,"left":524.2,"page":9}]}],"refMentions":[]}]},{"id":"(Raasveldt, 2018)","corpusId":44142316,"snippets":["The total time required to complete all the measured TPC-H queries for the different systems is shown in Table 1. We can see that both MonetDB and MonetDBLite show the best performance on the benchmark. They also show very similar performance. This is because the TPC-H benchmark revolves around computing aggregates, and does not involve transferring a large amount of data over the socket connection. As such, the bottleneck is almost entirely the computation performed in the database server. As MonetDB and MonetDBLite use the same internal query execution engine, they have identical performance."],"paper":{"corpusId":44142316,"title":"MonetDBLite: An Embedded Analytical Database","year":2018,"venue":"SIGMOD Conference","authors":[{"name":"Mark Raasveldt","authorId":"3428490"}],"nCitations":16},"snippetMetadata":[{"quote":"The total time required to complete all the measured TPC-H queries for the different systems is shown in Table 1. We can see that both MonetDB and MonetDBLite show the best performance on the benchmark. They also show very similar performance. This is because the TPC-H benchmark revolves around computing aggregates, and does not involve transferring a large amount of data over the socket connection. As such, the bottleneck is almost entirely the computation performed in the database server. As MonetDB and MonetDBLite use the same internal query execution engine, they have identical performance.","pdfHash":"c360232970ed915b94f0e543f0e4a64e0112aab9","sectionTitle":"TPC-H SF1","isBody":true,"sentenceOffsets":[{"start":0,"end":113,"boundingBoxes":[{"h":7.9,"w":240.5,"top":384,"left":317.7,"page":8},{"h":7.9,"w":162.3,"top":395,"left":318,"page":8}]},{"start":114,"end":202,"boundingBoxes":[{"h":7.9,"w":240.2,"top":406,"left":318,"page":8},{"h":7.9,"w":43.5,"top":416.9,"left":318,"page":8},{"h":7.9,"w":75.7,"top":395,"left":482.5,"page":8}]},{"start":203,"end":243,"boundingBoxes":[{"h":7.9,"w":155.4,"top":416.9,"left":363.7,"page":8}]},{"start":244,"end":402,"boundingBoxes":[{"h":7.9,"w":241.8,"top":427.9,"left":318,"page":8},{"h":7.9,"w":240.4,"top":438.8,"left":318,"page":8},{"h":7.9,"w":83.9,"top":449.8,"left":318,"page":8},{"h":7.9,"w":38.4,"top":416.9,"left":521.3,"page":8}]},{"start":403,"end":495,"boundingBoxes":[{"h":7.9,"w":189.5,"top":460.7,"left":318,"page":8},{"h":7.9,"w":154.2,"top":449.8,"left":404.2,"page":8}]},{"start":496,"end":601,"boundingBoxes":[{"h":7.9,"w":241.2,"top":471.7,"left":318,"page":8},{"h":7.9,"w":120.1,"top":482.7,"left":318,"page":8},{"h":7.9,"w":48.3,"top":460.7,"left":509.9,"page":8}]}],"refMentions":[]}]}],"format":"synthesis"}]}